Date,Return
2021-07-13 00:00:00-04:00,-0.01395176902566253
2021-07-14 00:00:00-04:00,0.000509726541833011
2021-07-15 00:00:00-04:00,-0.020002280689023322
2021-07-16 00:00:00-04:00,-0.024831275164290068
2021-07-19 00:00:00-04:00,-0.005732604060427637
2021-07-20 00:00:00-04:00,0.010860960611210002
2021-07-21 00:00:00-04:00,0.02387556201662222
2021-07-22 00:00:00-04:00,-0.02150519106372184
2021-07-23 00:00:00-04:00,0.005428265077670913
2021-07-26 00:00:00-04:00,0.004740714426715087
2021-07-27 00:00:00-04:00,-0.027260666524065558
2021-07-28 00:00:00-04:00,0.017919428194102416
2021-07-29 00:00:00-04:00,0.020251473522167274
2021-07-30 00:00:00-04:00,0.006487113725671012
2021-08-02 00:00:00-04:00,0.0007731135590463012
2021-08-03 00:00:00-04:00,0.041473726534665634
2021-08-04 00:00:00-04:00,0.013850927181640271
2021-08-05 00:00:00-04:00,-0.005977118997912312
2021-08-06 00:00:00-04:00,0.00625836734035512
2021-08-09 00:00:00-04:00,-0.021829308785307866
2021-08-10 00:00:00-04:00,-0.053609118471181993
2021-08-11 00:00:00-04:00,-0.011592922460954891
2021-08-12 00:00:00-04:00,-0.06370765418874869
2021-08-13 00:00:00-04:00,0.009537385303015622
2021-08-16 00:00:00-04:00,0.00014087908327331533
2021-08-17 00:00:00-04:00,-0.002114763769018202
2021-08-18 00:00:00-04:00,-0.0022604032270188146
2021-08-19 00:00:00-04:00,-0.004814668286106438
2021-08-20 00:00:00-04:00,-0.0007111440435173533
2021-08-23 00:00:00-04:00,0.02150045659017774
2021-08-24 00:00:00-04:00,0.0033456148746537906
2021-08-25 00:00:00-04:00,0.028619152210224597
2021-08-26 00:00:00-04:00,-0.017152915862550522
2021-08-27 00:00:00-04:00,0.016902437875807808
2021-08-30 00:00:00-04:00,-0.011351132750239912
2021-08-31 00:00:00-04:00,0.00738074781511
2021-09-01 00:00:00-04:00,0.0002716609535415859
2021-09-02 00:00:00-04:00,0.00366223470502014
2021-09-03 00:00:00-04:00,-0.0024325106250507877
2021-09-07 00:00:00-04:00,-0.002303609157281006
2021-09-08 00:00:00-04:00,-0.01860369989460442
2021-09-09 00:00:00-04:00,0.008302101350657232
2021-09-10 00:00:00-04:00,0.008645715698066159
2021-09-13 00:00:00-04:00,0.011564602678015401
2021-09-14 00:00:00-04:00,-0.011567087179917834
2021-09-15 00:00:00-04:00,0.004490369946098083
2021-09-16 00:00:00-04:00,0.0109727775912416
2021-09-17 00:00:00-04:00,-0.004421987151705609
2021-09-20 00:00:00-04:00,-0.025975731315414752
2021-09-21 00:00:00-04:00,-0.0031776769303768493
2021-09-22 00:00:00-04:00,0.025367102632562366
2021-09-23 00:00:00-04:00,0.0009463376721510208
2021-09-24 00:00:00-04:00,0.00013494251311563232
2021-09-27 00:00:00-04:00,0.015260076373285303
2021-09-28 00:00:00-04:00,-0.027667094460232855
2021-09-29 00:00:00-04:00,-0.01997272224132718
2021-09-30 00:00:00-04:00,-0.007827524276377451
2021-10-01 00:00:00-04:00,0.00014078364646596953
2021-10-04 00:00:00-04:00,-0.005212003643791152
2021-10-05 00:00:00-04:00,-0.0016994542628743226
2021-10-06 00:00:00-04:00,-0.007942883759300634
2021-10-07 00:00:00-04:00,0.008578656846018218
2021-10-08 00:00:00-04:00,-0.005953783250789546
2021-10-11 00:00:00-04:00,-0.012835396389732079
2021-10-12 00:00:00-04:00,-0.0361167710130349
2021-10-13 00:00:00-04:00,-0.005095896583640291
2021-10-14 00:00:00-04:00,0.021391935287006447
2021-10-15 00:00:00-04:00,-0.0017696785850223051
2021-10-18 00:00:00-04:00,-0.006205721449606294
2021-10-19 00:00:00-04:00,0.004608808288048882
2021-10-20 00:00:00-04:00,0.010359708936059864
2021-10-21 00:00:00-04:00,0.0054195443261413345
2021-10-22 00:00:00-04:00,-0.016462615077811216
2021-10-25 00:00:00-04:00,0.018515680966770143
2021-10-26 00:00:00-04:00,0.0026179679183029325
2021-10-27 00:00:00-04:00,-0.010154175788345987
2021-10-28 00:00:00-04:00,0.019637032108750896
2021-10-29 00:00:00-04:00,-0.006898747921830539
2021-11-01 00:00:00-04:00,0.023154628619136863
2021-11-02 00:00:00-04:00,0.0008489316137072489
2021-11-03 00:00:00-04:00,0.0069250366275674935
2021-11-04 00:00:00-04:00,0.013894522470231374
2021-11-05 00:00:00-04:00,0.00941280196008476
2021-11-08 00:00:00-05:00,0.02249066045455339
2021-11-09 00:00:00-05:00,0.013814209931560795
2021-11-10 00:00:00-05:00,-0.028839775327956785
2021-11-11 00:00:00-05:00,0.015529253247167807
2021-11-12 00:00:00-05:00,0.036888043345321586
2021-11-15 00:00:00-05:00,-0.006727163328757779
2021-11-16 00:00:00-05:00,0.00039075172083391507
2021-11-17 00:00:00-05:00,-0.017575636869787692
2021-11-18 00:00:00-05:00,0.02067317473687047
2021-11-19 00:00:00-05:00,0.07803188336052624
2021-11-22 00:00:00-05:00,0.00999608079859482
2021-11-23 00:00:00-05:00,0.018483341011860555
2021-11-24 00:00:00-05:00,0.009366632198367641
2021-11-26 00:00:00-05:00,-0.032362990700349425
2021-11-29 00:00:00-05:00,0.032606108843064696
2021-11-30 00:00:00-05:00,-0.02484341124532974
2021-12-01 00:00:00-05:00,0.013690792929198503
2021-12-02 00:00:00-05:00,-0.026659064402124066
2021-12-03 00:00:00-05:00,-0.015202447444433997
2021-12-06 00:00:00-05:00,0.010168765320633488
2021-12-07 00:00:00-05:00,0.040994696636743155
2021-12-08 00:00:00-05:00,0.0022136371994458948
2021-12-09 00:00:00-05:00,-0.012671553075434772
2021-12-10 00:00:00-05:00,0.007182384074987169
2021-12-13 00:00:00-05:00,-0.013911595105814856
2021-12-14 00:00:00-05:00,-0.012566654788932818
2021-12-15 00:00:00-05:00,0.028454829256578495
2021-12-16 00:00:00-05:00,-0.03467207161471031
2021-12-17 00:00:00-05:00,0.0037490867984599774
2021-12-20 00:00:00-05:00,-0.011686738697486598
2021-12-21 00:00:00-05:00,0.10544908736127834
2021-12-22 00:00:00-05:00,-0.0037493433522607367
2021-12-23 00:00:00-05:00,0.04516274325999192
2021-12-27 00:00:00-05:00,0.00010566827113644983
2021-12-28 00:00:00-05:00,-0.01577856918103826
2021-12-29 00:00:00-05:00,0.03475337821337243
2021-12-30 00:00:00-05:00,-0.023707987359466554
2021-12-31 00:00:00-05:00,-0.00682366280931912
2022-01-03 00:00:00-05:00,0.02791191934547621
2022-01-04 00:00:00-05:00,0.006161741433297285
2022-01-05 00:00:00-05:00,-0.02013678196294688
2022-01-06 00:00:00-05:00,0.0132413274464247
2022-01-07 00:00:00-05:00,-0.012545743855947977
2022-01-10 00:00:00-05:00,-0.005928910748780658
2022-01-11 00:00:00-05:00,0.0033015884415976693
2022-01-12 00:00:00-05:00,0.009660401244937278
2022-01-13 00:00:00-05:00,0.005362340592287351
2022-01-14 00:00:00-05:00,0.018197088877153433
2022-01-18 00:00:00-05:00,-0.04611772714643403
2022-01-19 00:00:00-05:00,-0.030903395374928255
2022-01-20 00:00:00-05:00,-0.05477764605217328
2022-01-21 00:00:00-05:00,-0.036910786875006596
2022-01-24 00:00:00-05:00,0.012449568008849221
2022-01-25 00:00:00-05:00,-0.026883747388914636
2022-01-26 00:00:00-05:00,0.015485883705667058
2022-01-27 00:00:00-05:00,-0.03964864583598149
2022-01-28 00:00:00-05:00,0.006986631915768093
2022-01-31 00:00:00-05:00,0.03784524764907138
2022-02-01 00:00:00-05:00,-0.009967256784505274
2022-02-02 00:00:00-05:00,0.03756929466314318
2022-02-03 00:00:00-05:00,-0.0300555294712177
2022-02-04 00:00:00-05:00,-0.009759795572158336
2022-02-07 00:00:00-05:00,-0.0036959955000757105
2022-02-08 00:00:00-05:00,0.04018805343042908
2022-02-09 00:00:00-05:00,0.04755109270103208
2022-02-10 00:00:00-05:00,0.03290965892449038
2022-02-11 00:00:00-05:00,-0.0138432251302687
2022-02-14 00:00:00-05:00,0.0011142706991760232
2022-02-15 00:00:00-05:00,0.06832825948349308
2022-02-16 00:00:00-05:00,0.0006251058915884844
2022-02-17 00:00:00-05:00,-0.024255515008321793
2022-02-18 00:00:00-05:00,-0.031260002524674646
2022-02-22 00:00:00-05:00,-0.002533167292014804
2022-02-23 00:00:00-05:00,-0.03599406131078753
2022-02-24 00:00:00-05:00,0.017409225177518195
2022-02-25 00:00:00-05:00,0.01429662157650391
2022-02-28 00:00:00-05:00,-0.013762479146741669
2022-03-01 00:00:00-05:00,-0.02925928463270766
2022-03-02 00:00:00-05:00,0.08161387230895456
2022-03-03 00:00:00-05:00,-0.0441588994956994
2022-03-04 00:00:00-05:00,-0.08152054149299848
2022-03-07 00:00:00-05:00,-0.07581494368407626
2022-03-08 00:00:00-05:00,0.019286934990852878
2022-03-09 00:00:00-05:00,0.029548827872522
2022-03-10 00:00:00-05:00,-0.04682786179081366
2022-03-11 00:00:00-05:00,-0.03829909167042456
2022-03-14 00:00:00-04:00,-0.04696471775511657
2022-03-15 00:00:00-04:00,0.053457746291177166
2022-03-16 00:00:00-04:00,0.08972817495117935
2022-03-17 00:00:00-04:00,0.010668805907219303
2022-03-18 00:00:00-04:00,-0.013785354522016346
2022-03-21 00:00:00-04:00,-0.013348444062406317
2022-03-22 00:00:00-04:00,0.00982791559952112
2022-03-23 00:00:00-04:00,-0.04385779393251643
2022-03-24 00:00:00-04:00,0.03384031928508535
2022-03-25 00:00:00-04:00,-0.0014066578344734681
2022-03-28 00:00:00-04:00,0.022535530768016176
2022-03-29 00:00:00-04:00,0.02742259362457955
2022-03-30 00:00:00-04:00,-0.03522225876982299
2022-03-31 00:00:00-04:00,-0.01604355948063607
2022-04-01 00:00:00-04:00,-0.021953998997786828
2022-04-04 00:00:00-04:00,0.019559024482999066
2022-04-05 00:00:00-04:00,-0.03939728646066021
2022-04-06 00:00:00-04:00,-0.011124773854286563
2022-04-07 00:00:00-04:00,-0.006777099990204483
2022-04-08 00:00:00-04:00,-0.014211160860729932
2022-04-11 00:00:00-04:00,-0.0015249884180830175
2022-04-12 00:00:00-04:00,-0.0009716834350589343
2022-04-13 00:00:00-04:00,0.005836420995648739
2022-04-14 00:00:00-04:00,-0.03108586900328092
2022-04-18 00:00:00-04:00,0.014544477349591078
2022-04-19 00:00:00-04:00,0.022206564793329164
2022-04-20 00:00:00-04:00,0.006462193776652914
2022-04-21 00:00:00-04:00,-0.03114767678385244
2022-04-22 00:00:00-04:00,-0.02129136661986808
2022-04-25 00:00:00-04:00,0.010229363994700424
2022-04-26 00:00:00-04:00,-0.04335453347734275
2022-04-27 00:00:00-04:00,-0.009093494846740713
2022-04-28 00:00:00-04:00,0.05581457467395712
2022-04-29 00:00:00-04:00,-0.0283559037632215
2022-05-02 00:00:00-04:00,0.03534286805348308
2022-05-03 00:00:00-04:00,0.009348081775871764
2022-05-04 00:00:00-04:00,0.03311837962991815
2022-05-05 00:00:00-04:00,-0.031649014360718986
2022-05-06 00:00:00-04:00,-0.013185667040205518
2022-05-09 00:00:00-04:00,-0.03439940687850762
2022-05-10 00:00:00-04:00,0.014426577478444003
2022-05-11 00:00:00-04:00,-0.02829793560670968
2022-05-12 00:00:00-04:00,0.011200654996267101
2022-05-13 00:00:00-04:00,0.06217725605792568
2022-05-16 00:00:00-04:00,-0.020161405248027675
2022-05-17 00:00:00-04:00,0.05690380178597887
2022-05-18 00:00:00-04:00,-0.0460527678939745
2022-05-19 00:00:00-04:00,-0.02322279747730238
2022-05-20 00:00:00-04:00,-0.007204642992150512
2022-05-23 00:00:00-04:00,0.010014246435506635
2022-05-24 00:00:00-04:00,-0.04267853768880414
2022-05-25 00:00:00-04:00,0.018763340045570898
2022-05-26 00:00:00-04:00,0.04022403428222443
2022-05-27 00:00:00-04:00,0.03852665567260338
2022-05-31 00:00:00-04:00,0.007092117159134936
2022-06-01 00:00:00-04:00,-0.003927412533056507
2022-06-02 00:00:00-04:00,0.024745160232682695
2022-06-03 00:00:00-04:00,-0.07204443080808753
2022-06-06 00:00:00-04:00,0.007291881766629205
2022-06-07 00:00:00-04:00,0.00440027768635276
2022-06-08 00:00:00-04:00,-0.03052579160410762
2022-06-09 00:00:00-04:00,-0.03760935637592788
2022-06-10 00:00:00-04:00,-0.051499482326496704
2022-06-13 00:00:00-04:00,-0.06036430535404258
2022-06-14 00:00:00-04:00,-0.002379204994641615
2022-06-15 00:00:00-04:00,0.0071551684419211
2022-06-16 00:00:00-04:00,-0.0695197518620726
2022-06-17 00:00:00-04:00,0.013452098369084675
2022-06-21 00:00:00-04:00,0.01883407237945267
2022-06-22 00:00:00-04:00,-0.008098652065674283
2022-06-23 00:00:00-04:00,-0.002129800151827177
2022-06-24 00:00:00-04:00,0.039487720943373716
2022-06-27 00:00:00-04:00,0.005817912269329151
2022-06-28 00:00:00-04:00,-0.01565163222725041
2022-06-29 00:00:00-04:00,-0.03180086733801801
2022-06-30 00:00:00-04:00,-0.013209705774814173
2022-07-01 00:00:00-04:00,-0.029486181427839542
2022-07-05 00:00:00-04:00,0.05740921756615269
2022-07-06 00:00:00-04:00,0.01128141661954829
2022-07-07 00:00:00-04:00,0.025797590331983145
2022-07-08 00:00:00-04:00,0.006895494496835131
2022-07-11 00:00:00-04:00,-0.022489120835101017
2022-07-12 00:00:00-04:00,0.023698414180685967
2022-07-13 00:00:00-04:00,-0.005407432113816446
2022-07-14 00:00:00-04:00,0.008325003550083476
2022-07-15 00:00:00-04:00,0.03673118129618569
2022-07-18 00:00:00-04:00,-0.017552416477190524
2022-07-19 00:00:00-04:00,0.03225806659163677
2022-07-20 00:00:00-04:00,0.01442318330376291
2022-07-21 00:00:00-04:00,0.005371177845304498
2022-07-22 00:00:00-04:00,-0.03692654227235548
2022-07-25 00:00:00-04:00,-0.018600066771488177
2022-07-26 00:00:00-04:00,-0.008146267739679192
2022-07-27 00:00:00-04:00,0.03737850684680022
2022-07-28 00:00:00-04:00,0.00290847001317851
2022-07-29 00:00:00-04:00,-0.0033834059026224272
2022-08-01 00:00:00-04:00,0.010992547144329512
2022-08-02 00:00:00-04:00,-0.0011191191826168678
2022-08-03 00:00:00-04:00,0.02849346096267391
2022-08-04 00:00:00-04:00,0.009338550514290445
2022-08-05 00:00:00-04:00,-0.036854159034810374
2022-08-08 00:00:00-04:00,-0.01617032845606059
2022-08-09 00:00:00-04:00,-0.03742891406444682
2022-08-10 00:00:00-04:00,0.03803890186816017
2022-08-11 00:00:00-04:00,0.01498374624505261
2022-08-12 00:00:00-04:00,0.04364575601631815
2022-08-15 00:00:00-04:00,-0.005227603598410013
2022-08-16 00:00:00-04:00,-0.012983073546223411
2022-08-17 00:00:00-04:00,-0.035076814084955554
2022-08-18 00:00:00-04:00,0.02207085142852372
2022-08-19 00:00:00-04:00,-0.039218691736999656
2022-08-22 00:00:00-04:00,-0.036357670295314004
2022-08-23 00:00:00-04:00,-0.007717562634408814
2022-08-24 00:00:00-04:00,0.007777586646497747
2022-08-25 00:00:00-04:00,0.04956263787734283
2022-08-26 00:00:00-04:00,-0.0583332761363079
2022-08-29 00:00:00-04:00,-0.010758304282082909
2022-08-30 00:00:00-04:00,-0.012454054316620722
2022-08-31 00:00:00-04:00,0.0040853876907669395
2022-09-01 00:00:00-04:00,0.013797900633566451
2022-09-02 00:00:00-04:00,-0.01709998059712392
2022-09-06 00:00:00-04:00,-0.019527704346666064
2022-09-07 00:00:00-04:00,-0.004164394682504291
2022-09-08 00:00:00-04:00,0.007090725074195614
2022-09-09 00:00:00-04:00,0.03701030202486044
2022-09-12 00:00:00-04:00,0.00870476272504872
2022-09-13 00:00:00-04:00,-0.07455997409395121
2022-09-14 00:00:00-04:00,-0.009511109447611132
2022-09-15 00:00:00-04:00,-0.00790812380923367
2022-09-16 00:00:00-04:00,0.0030365201785831353
2022-09-19 00:00:00-04:00,-0.014191260637337222
2022-09-20 00:00:00-04:00,-0.024951796842316187
2022-09-21 00:00:00-04:00,-0.01377956870410102
2022-09-22 00:00:00-04:00,-0.008782353034335721
2022-09-23 00:00:00-04:00,0.008860166141331671
2022-09-26 00:00:00-04:00,-0.024351277973774454
2022-09-27 00:00:00-04:00,0.03477899620282443
2022-09-28 00:00:00-04:00,0.008303687376697289
2022-09-29 00:00:00-04:00,-0.019411679022495187
2022-09-30 00:00:00-04:00,0.0017995754093957927
2022-10-03 00:00:00-04:00,0.032335489348329416
2022-10-04 00:00:00-04:00,0.043310000209810795
2022-10-05 00:00:00-04:00,0.014269605598079993
2022-10-06 00:00:00-04:00,-0.002009652786093552
2022-10-07 00:00:00-04:00,-0.02926340848800124
2022-10-10 00:00:00-04:00,-0.0289169491014426
2022-10-11 00:00:00-04:00,0.04534819644293053
2022-10-12 00:00:00-04:00,-0.01787372318806013
2022-10-13 00:00:00-04:00,0.04000007063432398
2022-10-14 00:00:00-04:00,-0.039008269818572194
2022-10-17 00:00:00-04:00,0.01479504503990503
2022-10-18 00:00:00-04:00,-0.017757000938599554
2022-10-19 00:00:00-04:00,0.009134245280712605
2022-10-20 00:00:00-04:00,0.012634236706569046
2022-10-21 00:00:00-04:00,0.04376167615021109
2022-10-24 00:00:00-04:00,0.003389911959925218
2022-10-25 00:00:00-04:00,-0.006579075856986916
2022-10-26 00:00:00-04:00,-0.007517401875651308
2022-10-27 00:00:00-04:00,-0.05843105241227431
2022-10-28 00:00:00-04:00,0.03505078614733348
2022-10-31 00:00:00-04:00,0.0011103531598166683
2022-11-01 00:00:00-04:00,0.01404796542180553
2022-11-02 00:00:00-04:00,-0.025701581886145686
2022-11-03 00:00:00-04:00,0.0005610142580110278
2022-11-04 00:00:00-04:00,0.050112299600296506
2022-11-07 00:00:00-05:00,0.007122528977755005
2022-11-08 00:00:00-05:00,0.016442709185021
2022-11-09 00:00:00-05:00,-0.026439610010452697
2022-11-10 00:00:00-05:00,0.07682707218751195
2022-11-11 00:00:00-05:00,0.03733198494552137
2022-11-14 00:00:00-05:00,-0.011836196604203097
2022-11-15 00:00:00-05:00,0.021366122614781213
2022-11-16 00:00:00-05:00,-0.06703640868992167
2022-11-17 00:00:00-05:00,-0.0022082738109208133
2022-11-18 00:00:00-05:00,-0.002723915968992907
2022-11-21 00:00:00-05:00,-0.024240328581624282
2022-11-22 00:00:00-05:00,0.02554244067050382
2022-11-23 00:00:00-05:00,0.005288295250439168
2022-11-25 00:00:00-05:00,-0.008824167104425018
2022-11-28 00:00:00-05:00,-0.04554011496112642
2022-11-29 00:00:00-05:00,-0.011300478513002088
2022-11-30 00:00:00-05:00,0.045899871149782
2022-12-01 00:00:00-05:00,-0.03746743218151538
2022-12-02 00:00:00-05:00,-0.014597233157817469
2022-12-05 00:00:00-05:00,-0.011704456043431621
2022-12-06 00:00:00-05:00,-0.00666161621167316
2022-12-07 00:00:00-05:00,0.0026078855477416063
2022-12-08 00:00:00-05:00,0.025641073717437957
2022-12-09 00:00:00-05:00,-0.005978186201544111
2022-12-12 00:00:00-05:00,0.008747749755081413
2022-12-13 00:00:00-05:00,-0.0019873052558653237
2022-12-14 00:00:00-05:00,-0.011766864130076993
2022-12-15 00:00:00-05:00,-0.046711725851134034
2022-12-16 00:00:00-05:00,0.0005765130951631559
2022-12-19 00:00:00-05:00,-0.006721638649589967
2022-12-20 00:00:00-05:00,-0.020108439691340352
2022-12-21 00:00:00-05:00,0.010063189875651135
2022-12-22 00:00:00-05:00,-0.03438163872219302
2022-12-23 00:00:00-05:00,0.015577362105416048
2022-12-27 00:00:00-05:00,-0.003585556768712528
2022-12-28 00:00:00-05:00,-0.01799283939509011
2022-12-29 00:00:00-05:00,0.031148201728986802
2022-12-30 00:00:00-05:00,-0.010982479924610322
2023-01-03 00:00:00-05:00,0.007803057256303925
2023-01-04 00:00:00-05:00,0.07603743639797744
2023-01-05 00:00:00-05:00,0.009409423112247906
2023-01-06 00:00:00-05:00,0.03765334579068802
2023-01-09 00:00:00-05:00,-0.007222219872697333
2023-01-10 00:00:00-05:00,0.015081596188616597
2023-01-11 00:00:00-05:00,0.014857588743097061
2023-01-12 00:00:00-05:00,-0.013606544256434594
2023-01-13 00:00:00-05:00,-0.005936930183207512
2023-01-17 00:00:00-05:00,-0.0014052317146084903
2023-01-18 00:00:00-05:00,-0.005980655999650142
2023-01-19 00:00:00-05:00,-0.002654349370898257
2023-01-20 00:00:00-05:00,0.03726041007139136
2023-01-23 00:00:00-05:00,0.05747521593281246
2023-01-24 00:00:00-05:00,-0.009058601725327464
2023-01-25 00:00:00-05:00,0.00457083148436821
2023-01-26 00:00:00-05:00,0.020474429568796637
2023-01-27 00:00:00-05:00,0.0170382358447263
2023-01-30 00:00:00-05:00,-0.03381868539450572
2023-01-31 00:00:00-05:00,-0.022848895155952897
2023-02-01 00:00:00-05:00,0.03814272151264664
2023-02-02 00:00:00-05:00,0.009105265524829376
2023-02-03 00:00:00-05:00,-0.012030973780617904
2023-02-06 00:00:00-05:00,-0.03893604582693877
2023-02-07 00:00:00-05:00,0.035845493054606825
2023-02-08 00:00:00-05:00,-0.03025922364728073
2023-02-09 00:00:00-05:00,-0.0011619759362554438
2023-02-10 00:00:00-05:00,-0.005981945674095934
2023-02-13 00:00:00-05:00,0.005015018644403568
2023-02-14 00:00:00-05:00,0.03243512029098383
2023-02-15 00:00:00-05:00,-0.0037055720958867333
2023-02-16 00:00:00-05:00,-0.028945539598826175
2023-02-17 00:00:00-05:00,-0.017318994010134925
2023-02-21 00:00:00-05:00,-0.023894347423077833
2023-02-22 00:00:00-05:00,-0.010763784590387848
2023-02-23 00:00:00-05:00,0.031063579749961878
2023-02-24 00:00:00-05:00,-0.009702215023922545
2023-02-27 00:00:00-05:00,-0.004812541187478647
2023-02-28 00:00:00-05:00,-0.0013817566126016478
2023-03-01 00:00:00-05:00,-0.008301676167723149
2023-03-02 00:00:00-05:00,-0.01587020839018849
2023-03-03 00:00:00-05:00,0.006202353755610623
2023-03-06 00:00:00-05:00,0.0008808031560783025
2023-03-07 00:00:00-05:00,-0.022347465045716164
2023-03-08 00:00:00-05:00,0.023937835354156167
2023-03-09 00:00:00-05:00,-0.022675271751893322
2023-03-10 00:00:00-05:00,-0.01205025869840659
2023-03-13 00:00:00-04:00,-0.01875098607586856
2023-03-14 00:00:00-04:00,0.006864558315877067
2023-03-15 00:00:00-04:00,-0.0025797421385258534
2023-03-16 00:00:00-04:00,0.04507646605393667
2023-03-17 00:00:00-04:00,0.0015911944006934409
2023-03-20 00:00:00-04:00,0.017296064289701762
2023-03-21 00:00:00-04:00,0.017175461744969978
2023-03-22 00:00:00-04:00,-0.007845714941665749
2023-03-23 00:00:00-04:00,0.0544954081780058
2023-03-24 00:00:00-04:00,-0.002934536676026722
2023-03-27 00:00:00-04:00,-0.022400194607567148
2023-03-28 00:00:00-04:00,-0.008529829337998951
2023-03-29 00:00:00-04:00,0.07186234963271687
2023-03-30 00:00:00-04:00,-0.007082207185519884
2023-03-31 00:00:00-04:00,-0.04358843071018614
2023-04-03 00:00:00-04:00,-0.012098125776893842
2023-04-04 00:00:00-04:00,-0.039255094124046264
2023-04-05 00:00:00-04:00,-0.004365387851873681
2023-04-06 00:00:00-04:00,0.029083517445342988
2023-04-10 00:00:00-04:00,0.08043038929836843
2023-04-11 00:00:00-04:00,0.004741524403730324
2023-04-12 00:00:00-04:00,-0.025326325646836567
2023-04-13 00:00:00-04:00,0.016785065881341543
2023-04-14 00:00:00-04:00,-0.00587306674845689
2023-04-17 00:00:00-04:00,-0.001437048554396081
2023-04-18 00:00:00-04:00,-0.009753786170094703
2023-04-19 00:00:00-04:00,-0.020668455538221497
2023-04-20 00:00:00-04:00,0.013355284269164436
2023-04-21 00:00:00-04:00,-0.0053694235999975914
2023-04-24 00:00:00-04:00,-0.026500836926762528
2023-04-25 00:00:00-04:00,-0.023021337830133826
2023-04-26 00:00:00-04:00,0.049535571611839746
2023-04-27 00:00:00-04:00,0.0144215203899698
2023-04-28 00:00:00-04:00,0.03974156091965164
2023-05-01 00:00:00-04:00,-0.03123061439419139
2023-05-02 00:00:00-04:00,-0.007217324703187811
2023-05-03 00:00:00-04:00,-0.01599351998100551
2023-05-04 00:00:00-04:00,-0.006567259255640279
2023-05-05 00:00:00-04:00,0.011899045815445763
2023-05-08 00:00:00-04:00,-0.0058794355014822886
2023-05-09 00:00:00-04:00,0.0009856695394463433
2023-05-10 00:00:00-04:00,-0.015427394229695857
2023-05-11 00:00:00-04:00,0.02700430225894368
2023-05-12 00:00:00-04:00,-0.01119939812557813
2023-05-15 00:00:00-04:00,0.06106376485196674
2023-05-16 00:00:00-04:00,-0.014078118329157174
2023-05-17 00:00:00-04:00,0.018672569929585547
2023-05-18 00:00:00-04:00,0.04081936855559953
2023-05-19 00:00:00-04:00,0.008879685003846838
2023-05-22 00:00:00-04:00,-0.028458144884878744
2023-05-23 00:00:00-04:00,-0.0033220389145127704
2023-05-24 00:00:00-04:00,0.007877763581147779
2023-05-25 00:00:00-04:00,0.046294997924519965
2023-05-26 00:00:00-04:00,0.062060119442984396
2023-05-30 00:00:00-04:00,-0.030299130376599814
2023-05-31 00:00:00-04:00,-0.048681614624386804
2023-06-01 00:00:00-04:00,0.013049835143096766
2023-06-02 00:00:00-04:00,0.0011578656385864416
2023-06-05 00:00:00-04:00,-0.020240108317928773
2023-06-06 00:00:00-04:00,-0.0033937882395662644
2023-06-07 00:00:00-04:00,-0.007107086132450369
2023-06-08 00:00:00-04:00,-0.025946676990674655
2023-06-09 00:00:00-04:00,0.0016841598570978
2023-06-12 00:00:00-04:00,0.030872626244620616
2023-06-13 00:00:00-04:00,0.006226768078299694
2023-06-14 00:00:00-04:00,0.018417456656785847
2023-06-15 00:00:00-04:00,-0.004340391832884372
2023-06-16 00:00:00-04:00,-0.01685537368572021
2023-06-20 00:00:00-04:00,-0.011232204538187629
2023-06-21 00:00:00-04:00,-0.01644291355275862
2023-06-22 00:00:00-04:00,0.006838908988394454
2023-06-23 00:00:00-04:00,-0.014641329599841102
2023-06-26 00:00:00-04:00,0.002603859565868616
2023-06-27 00:00:00-04:00,0.02047386865906553
2023-06-28 00:00:00-04:00,0.004192315334509811
2023-06-29 00:00:00-04:00,-0.04085282950854363
2023-06-30 00:00:00-04:00,-0.01896488687450082
2023-07-03 00:00:00-04:00,0.012518052292371795
2023-07-05 00:00:00-04:00,-0.028795277343003467
2023-07-06 00:00:00-04:00,-0.013374049117618192
2023-07-07 00:00:00-04:00,-0.007608621834011786
2023-07-10 00:00:00-04:00,0.030173147932262223
2023-07-11 00:00:00-04:00,0.01792571062382775
2023-07-12 00:00:00-04:00,0.0029874280207975445
2023-07-13 00:00:00-04:00,0.011600707803721688
2023-07-14 00:00:00-04:00,-0.006973615830238811
2023-07-17 00:00:00-04:00,0.016853839585589947
2023-07-18 00:00:00-04:00,-0.0033762872561347024
2023-07-19 00:00:00-04:00,0.0003080398154231556
2023-07-20 00:00:00-04:00,-0.004156425586817392
2023-07-21 00:00:00-04:00,0.014840010911904233
2023-07-24 00:00:00-04:00,-0.0025891398316477687
2023-07-25 00:00:00-04:00,0.0030541688173169046
2023-07-26 00:00:00-04:00,0.025882857044192242
2023-07-27 00:00:00-04:00,0.05476398965700113
2023-07-28 00:00:00-04:00,0.0018290695930043288
2023-07-31 00:00:00-04:00,0.002668599954232187
2023-08-01 00:00:00-04:00,-0.008824686645386048
2023-08-02 00:00:00-04:00,-0.03660242837258132
2023-08-03 00:00:00-04:00,0.014815941464130011
2023-08-04 00:00:00-04:00,0.010551949138139838
2023-08-07 00:00:00-04:00,-0.007581242535426358
2023-08-08 00:00:00-04:00,-0.024935090350895694
2023-08-09 00:00:00-04:00,-0.014042729052339054
2023-08-10 00:00:00-04:00,-0.018890613923555066
2023-08-11 00:00:00-04:00,-0.016350675002991477
2023-08-14 00:00:00-04:00,0.06074257362555069
2023-08-15 00:00:00-04:00,-0.04320466874492346
2023-08-16 00:00:00-04:00,-0.01699049017653609
2023-08-17 00:00:00-04:00,-0.010277238083562734
2023-08-18 00:00:00-04:00,0.00047197043621372003
2023-08-21 00:00:00-04:00,0.005818566420535243
2023-08-22 00:00:00-04:00,-0.00859926040136716
2023-08-23 00:00:00-04:00,0.02807144884571522
2023-08-24 00:00:00-04:00,-0.02300982822790132
2023-08-25 00:00:00-04:00,0.000471128267714338
2023-08-28 00:00:00-04:00,0.024952894225061417
2023-08-29 00:00:00-04:00,0.020976873275985186
2023-08-30 00:00:00-04:00,0.021145656606606167
2023-08-31 00:00:00-04:00,0.027170119926726022
2023-09-01 00:00:00-04:00,0.006434027611939008
2023-09-05 00:00:00-04:00,-0.0014208382967870747
2023-09-06 00:00:00-04:00,0.0017073441370740738
2023-09-07 00:00:00-04:00,-0.007669186393497007
2023-09-08 00:00:00-04:00,0.004436451421850673
2023-09-11 00:00:00-04:00,-0.002137195601875308
2023-09-12 00:00:00-04:00,0.0039982259483475335
2023-09-13 00:00:00-04:00,0.007680314072474603
2023-09-14 00:00:00-04:00,0.013267577086956361
2023-09-15 00:00:00-04:00,-0.026605301889258026
2023-09-18 00:00:00-04:00,0.008872074933286012
2023-09-19 00:00:00-04:00,0.002978733369167319
2023-09-20 00:00:00-04:00,-0.014566203514440712
2023-09-21 00:00:00-04:00,-0.025545384492745904
2023-09-22 00:00:00-04:00,0.014432881929413721
2023-09-25 00:00:00-04:00,-0.004355398355371465
2023-09-26 00:00:00-04:00,-0.009332281764264705
2023-09-27 00:00:00-04:00,0.003974059039496769
2023-09-28 00:00:00-04:00,-0.044128383390764414
2023-09-29 00:00:00-04:00,0.0434050035230662
2023-10-02 00:00:00-04:00,-0.001028885451584638
2023-10-03 00:00:00-04:00,-0.0019129985252929194
2023-10-04 00:00:00-04:00,0.004128131769019827
2023-10-05 00:00:00-04:00,0.013800862668600145
2023-10-06 00:00:00-04:00,0.01486945860194977
2023-10-09 00:00:00-04:00,-0.006861169210431561
2023-10-10 00:00:00-04:00,-0.005901171887427226
2023-10-11 00:00:00-04:00,0.016505087018621634
2023-10-12 00:00:00-04:00,-0.0065517476281644615
2023-10-13 00:00:00-04:00,-0.007741780183220248
2023-10-16 00:00:00-04:00,-0.0018784351967121582
2023-10-17 00:00:00-04:00,-0.0011580584175640007
2023-10-18 00:00:00-04:00,0.00202903559083345
2023-10-19 00:00:00-04:00,-0.02328632564986921
2023-10-20 00:00:00-04:00,-0.004590519920575464
2023-10-23 00:00:00-04:00,-0.005058078649651354
2023-10-24 00:00:00-04:00,0.017793159899830435
2023-10-25 00:00:00-04:00,-0.02306424034620691
2023-10-26 00:00:00-04:00,-0.029624216703121875
2023-10-27 00:00:00-04:00,0.017356160267540277
2023-10-30 00:00:00-04:00,0.0063977216255519664
2023-10-31 00:00:00-04:00,0.012108402092392279
2023-11-01 00:00:00-04:00,0.037834450423605226
2023-11-02 00:00:00-04:00,0.014985454791218267
2023-11-03 00:00:00-04:00,0.030380488400106653
2023-11-06 00:00:00-05:00,0.0046846481659126304
2023-11-07 00:00:00-05:00,-0.0016458759047802696
2023-11-08 00:00:00-05:00,-0.007142687872315867
2023-11-09 00:00:00-05:00,0.017847246544921758
2023-11-10 00:00:00-05:00,0.024330679662347254
2023-11-13 00:00:00-05:00,-0.007696697584273271
2023-11-14 00:00:00-05:00,0.03196055453855773
2023-11-15 00:00:00-05:00,-0.00038853365621649427
2023-11-16 00:00:00-05:00,-0.0060929542441361395
2023-11-17 00:00:00-05:00,0.011608263547101094
2023-11-20 00:00:00-05:00,0.013666836041560826
2023-11-21 00:00:00-05:00,-0.024294099731455576
2023-11-22 00:00:00-05:00,0.0050840366550237714
2023-11-24 00:00:00-05:00,-0.002982927358461507
2023-11-27 00:00:00-05:00,0.008325605977491657
2023-11-28 00:00:00-05:00,-0.01793325848473215
2023-11-29 00:00:00-05:00,0.007488420221678949
2023-11-30 00:00:00-05:00,-0.007432760586996379
2023-12-01 00:00:00-05:00,-0.0024961063472838108
2023-12-04 00:00:00-05:00,-0.021598943392567183
2023-12-05 00:00:00-05:00,-0.00807606638547298
2023-12-06 00:00:00-05:00,-0.0075995896689812215
2023-12-07 00:00:00-05:00,0.007110770914863895
2023-12-08 00:00:00-05:00,0.017786729697738757
2023-12-11 00:00:00-05:00,0.0377534476275021
2023-12-12 00:00:00-05:00,0.004756527230182828
2023-12-13 00:00:00-05:00,0.02085439604078254
2023-12-14 00:00:00-05:00,0.030079043203489197
2023-12-15 00:00:00-05:00,-0.009490213202992592
2023-12-18 00:00:00-05:00,0.0018424360078692636
2023-12-19 00:00:00-05:00,0.007479140147237162
2023-12-20 00:00:00-05:00,-0.042351045400838006
2023-12-21 00:00:00-05:00,0.08628784617760732
2023-12-22 00:00:00-05:00,0.011815626562120984
2023-12-26 00:00:00-05:00,0.006590304572731798
2023-12-27 00:00:00-05:00,-0.0045945456755484
2023-12-28 00:00:00-05:00,-0.007615779092281505
2023-12-29 00:00:00-05:00,-0.006345662494257276
2024-01-02 00:00:00-05:00,-0.03515363594110077
2024-01-03 00:00:00-05:00,-0.0009715738291021792
2024-01-04 00:00:00-05:00,0.005470546269206622
2024-01-05 00:00:00-05:00,0.008946830574876774
2024-01-08 00:00:00-05:00,0.01797481314102445
2024-01-09 00:00:00-05:00,-0.01906987331237231
2024-01-10 00:00:00-05:00,-0.011400747976790915
2024-01-11 00:00:00-05:00,0.012260573959596677
2024-01-12 00:00:00-05:00,-0.011991982532095324
2024-01-16 00:00:00-05:00,0.026944834356689595
2024-01-17 00:00:00-05:00,-0.015719007603332225
2024-01-18 00:00:00-05:00,0.018491854647470607
2024-01-19 00:00:00-05:00,0.031714280662093586
2024-01-22 00:00:00-05:00,0.01976904907430299
2024-01-23 00:00:00-05:00,-0.019161718554189244
2024-01-24 00:00:00-05:00,0.0062836102586958376
2024-01-25 00:00:00-05:00,0.012715614163622657
2024-01-26 00:00:00-05:00,-0.012892331634418053
2024-01-29 00:00:00-05:00,0.011584434203270266
2024-01-30 00:00:00-05:00,-0.0326709903297876
2024-01-31 00:00:00-05:00,-0.004758808366104428
2024-02-01 00:00:00-05:00,-0.0016323940751243882
2024-02-02 00:00:00-05:00,0.01016229612135433
2024-02-05 00:00:00-05:00,0.0057817945335501
2024-02-06 00:00:00-05:00,-0.027362773173209454
2024-02-07 00:00:00-05:00,0.006737616443173389
2024-02-08 00:00:00-05:00,-0.0034050527171336498
2024-02-09 00:00:00-05:00,0.008011203796459476
2024-02-12 00:00:00-05:00,0.001636378722563725
2024-02-13 00:00:00-05:00,-0.04865799760836231
2024-02-14 00:00:00-05:00,0.003679622294375351
2024-02-15 00:00:00-05:00,-0.0024443075268787418
2024-02-16 00:00:00-05:00,-0.026093187600113033
2024-02-20 00:00:00-05:00,0.015219996994990215
2024-02-21 00:00:00-05:00,0.00966427620898025
2024-02-22 00:00:00-05:00,0.054239820878149825
2024-02-23 00:00:00-05:00,0.0010476783163804182
2024-02-26 00:00:00-05:00,0.040232584076018485
2024-02-27 00:00:00-05:00,0.026715741232402168
2024-02-28 00:00:00-05:00,-0.02329870046565241
2024-02-29 00:00:00-05:00,0.010032398474833393
2024-03-01 00:00:00-05:00,0.050104727930206705
2024-03-04 00:00:00-05:00,0.006515916330289695
2024-03-05 00:00:00-05:00,-0.013574064650763717
2024-03-06 00:00:00-05:00,0.011537832745065257
2024-03-07 00:00:00-05:00,0.03578926678561811
2024-03-08 00:00:00-05:00,-0.013740276143649366
2024-03-11 00:00:00-04:00,-0.03185815034876116
2024-03-12 00:00:00-04:00,0.03079036906872412
2024-03-13 00:00:00-04:00,-0.03346343315899414
2024-03-14 00:00:00-04:00,-0.028993054279218833
2024-03-15 00:00:00-04:00,0.01990597397943228
2024-03-18 00:00:00-04:00,0.005683467835061018
2024-03-19 00:00:00-04:00,0.0023460826652743627
2024-03-20 00:00:00-04:00,0.023936055745434226
2024-03-21 00:00:00-04:00,0.14129865758591786
2024-03-22 00:00:00-04:00,0.0032772762211854545
2024-03-25 00:00:00-04:00,0.0627891905442386
2024-03-26 00:00:00-04:00,0.014257692543333977
2024-03-27 00:00:00-04:00,0.0037878738830803282
2024-03-28 00:00:00-04:00,-0.010450325752332734
2024-04-01 00:00:00-04:00,0.05437271995654824
2024-04-02 00:00:00-04:00,-0.01246986482304513
2024-04-03 00:00:00-04:00,0.042851253136079626
2024-04-04 00:00:00-04:00,-0.030622557339859857
2024-04-05 00:00:00-04:00,-0.004109989084118637
2024-04-08 00:00:00-04:00,-0.005097815175877263
2024-04-09 00:00:00-04:00,-0.0026027165248282413
2024-04-10 00:00:00-04:00,-0.003506434792525215
2024-04-11 00:00:00-04:00,0.04345341183096041
2024-04-12 00:00:00-04:00,-0.039134266701418285
2024-04-15 00:00:00-04:00,-0.009386169512870413
2024-04-16 00:00:00-04:00,0.00329566923547997
2024-04-17 00:00:00-04:00,-0.04467443922916514
2024-04-18 00:00:00-04:00,-0.03782339587724992
2024-04-19 00:00:00-04:00,-0.046100294251354645
2024-04-22 00:00:00-04:00,0.022010026671579697
2024-04-23 00:00:00-04:00,0.030608485400226204
2024-04-24 00:00:00-04:00,-0.006046627116985559
2024-04-25 00:00:00-04:00,-0.0017892426426263652
2024-04-26 00:00:00-04:00,0.029216697108975787
2024-04-29 00:00:00-04:00,-0.0041797472653692935
2024-04-30 00:00:00-04:00,-0.012241868828192781
2024-05-01 00:00:00-04:00,-0.028859896834822485
2024-05-02 00:00:00-04:00,0.023974506466965195
2024-05-03 00:00:00-04:00,0.021098519315985387
2024-05-06 00:00:00-04:00,0.04734090563620419
2024-05-07 00:00:00-04:00,-0.00765837780912626
2024-05-08 00:00:00-04:00,0.0009227226991073145
2024-05-09 00:00:00-04:00,-0.012655117130559779
2024-05-10 00:00:00-04:00,0.02911475941896513
2024-05-13 00:00:00-04:00,0.014516747694835797
2024-05-14 00:00:00-04:00,0.01471534690422982
2024-05-15 00:00:00-04:00,0.02403653640711778
2024-05-16 00:00:00-04:00,0.000625982042395723
2024-05-17 00:00:00-04:00,-0.020330006764812447
2024-05-20 00:00:00-04:00,0.029611260024845043
2024-05-21 00:00:00-04:00,-0.011627937452681647
2024-05-22 00:00:00-04:00,-0.009568533093517573
2024-05-23 00:00:00-04:00,-7.92262214694972e-05
2024-05-24 00:00:00-04:00,0.02550099798261396
2024-05-28 00:00:00-04:00,0.024557759751241637
2024-05-29 00:00:00-04:00,-0.008215902890960858
2024-05-30 00:00:00-04:00,-0.04020354727322761
2024-05-31 00:00:00-04:00,-0.01021462703195064
2024-06-03 00:00:00-04:00,0.02536008421764424
2024-06-04 00:00:00-04:00,-0.011937409520682896
2024-06-05 00:00:00-04:00,0.05582762295184418
2024-06-06 00:00:00-04:00,-0.0272230965710597
2024-06-07 00:00:00-04:00,0.006688532880255282
2024-06-10 00:00:00-04:00,0.0296322891049845
2024-06-11 00:00:00-04:00,0.001854167122627981
2024-06-12 00:00:00-04:00,0.042052179683142565
2024-06-13 00:00:00-04:00,0.016980450578760964
2024-06-14 00:00:00-04:00,-0.012435409394497388
2024-06-17 00:00:00-04:00,0.04576981382492962
2024-06-18 00:00:00-04:00,0.03801657617947396
2024-06-20 00:00:00-04:00,-0.06034553123386632
2024-06-21 00:00:00-04:00,-0.032249207822756976
2024-06-24 00:00:00-04:00,-0.0037978826837078428
2024-06-25 00:00:00-04:00,0.01517869145917805
2024-06-26 00:00:00-04:00,0.008786828317183915
2024-06-27 00:00:00-04:00,-0.07115762492262467
2024-06-28 00:00:00-04:00,-0.0052937306924341065
2024-07-01 00:00:00-04:00,-7.594707166791448e-05
2024-07-02 00:00:00-04:00,0.008135600825525557
2024-07-03 00:00:00-04:00,0.03190285649509961
2024-07-05 00:00:00-04:00,-0.03815233617251179
2024-07-08 00:00:00-04:00,-0.006046258460820519
2024-07-09 00:00:00-04:00,0.0034429231855921394
2024-07-10 00:00:00-04:00,0.0400338333874275
2024-07-11 00:00:00-04:00,-0.045164744705149085
2024-07-12 00:00:00-04:00,0.025493514523289296
2024-07-15 00:00:00-04:00,-0.02006752871729589
2024-07-16 00:00:00-04:00,-0.025827067708870444
2024-07-17 00:00:00-04:00,-0.0626716366975586
2024-07-18 00:00:00-04:00,-0.01715485789721327
2024-07-19 00:00:00-04:00,-0.027160462676866448
2024-07-22 00:00:00-04:00,0.008927084201931779
2024-07-23 00:00:00-04:00,-0.008934740035427047
2024-07-24 00:00:00-04:00,-0.03474837626011473
2024-07-25 00:00:00-04:00,-0.025662055367612235
2024-07-26 00:00:00-04:00,0.018241076790563415
2024-07-29 00:00:00-04:00,-0.014258266512693574
2024-07-30 00:00:00-04:00,-0.049049646111015366
2024-07-31 00:00:00-04:00,0.07078787210968951
2024-08-01 00:00:00-04:00,-0.07566914015407189
2024-08-02 00:00:00-04:00,-0.08678951375309829
2024-08-05 00:00:00-04:00,-0.024595596084886262
2024-08-06 00:00:00-04:00,-0.015704489762648266
2024-08-07 00:00:00-04:00,-0.024718997220703254
2024-08-08 00:00:00-04:00,0.06071415872674435
2024-08-09 00:00:00-04:00,0.01096996867259925
2024-08-12 00:00:00-04:00,0.01675982538009757
2024-08-13 00:00:00-04:00,0.029585723454806256
2024-08-14 00:00:00-04:00,0.030480462439040457
2024-08-15 00:00:00-04:00,0.06513260351497041
2024-08-16 00:00:00-04:00,0.009724248246855138
2024-08-19 00:00:00-04:00,0.005926560079158039
2024-08-20 00:00:00-04:00,-0.005891642903525396
2024-08-21 00:00:00-04:00,0.003148656110574688
2024-08-22 00:00:00-04:00,-0.037570453902790124
2024-08-23 00:00:00-04:00,-0.013523993826287883
2024-08-26 00:00:00-04:00,-0.038308134466743526
2024-08-27 00:00:00-04:00,-0.010615752616932927
2024-08-28 00:00:00-04:00,-0.030656003067812687
2024-08-29 00:00:00-04:00,0.0074847543049274545
2024-08-30 00:00:00-04:00,0.007010455996953047
2024-09-03 00:00:00-04:00,-0.07959263951403417
2024-09-04 00:00:00-04:00,0.008015309684389349
2024-09-05 00:00:00-04:00,0.0011200080066902096
2024-09-06 00:00:00-04:00,-0.033672756005599824
2024-09-09 00:00:00-04:00,-0.0012731932254921308
2024-09-10 00:00:00-04:00,0.006722931823001543
2024-09-11 00:00:00-04:00,0.0437536210079188
2024-09-12 00:00:00-04:00,-0.03794817478739432
2024-09-13 00:00:00-04:00,0.04598098007200968
2024-09-16 00:00:00-04:00,-0.04428858148897186
2024-09-17 00:00:00-04:00,0.01777931830212487
2024-09-18 00:00:00-04:00,-0.015552809631772302
2024-09-19 00:00:00-04:00,0.021751630223077134
2024-09-20 00:00:00-04:00,0.018487380500668227
2024-09-23 00:00:00-04:00,0.02937284870872281
2024-09-24 00:00:00-04:00,0.004595513727055245
2024-09-25 00:00:00-04:00,0.018829828896585354
2024-09-26 00:00:00-04:00,0.14733220178137274
2024-09-27 00:00:00-04:00,-0.021660081017700894
2024-09-30 00:00:00-04:00,-0.03525587233643224
2024-10-01 00:00:00-04:00,-0.032783534597686126
2024-10-02 00:00:00-04:00,-0.004585837288611838
2024-10-03 00:00:00-04:00,0.01972943495355306
2024-10-04 00:00:00-04:00,0.004223311706432531
2024-10-07 00:00:00-04:00,0.0075880259059077915
2024-10-08 00:00:00-04:00,-0.003595463050094838
2024-10-09 00:00:00-04:00,-0.008191882785364313
2024-10-10 00:00:00-04:00,0.03923289056215418
2024-10-11 00:00:00-04:00,0.011637855973623212
2024-10-14 00:00:00-04:00,0.013280867620807824
2024-10-15 00:00:00-04:00,-0.037105278097052885
2024-10-16 00:00:00-04:00,0.04716254337007375
2024-10-17 00:00:00-04:00,0.02572321105208708
2024-10-18 00:00:00-04:00,-0.00803209195755994
2024-10-21 00:00:00-04:00,-0.01862355502172175
2024-10-22 00:00:00-04:00,-0.011551131100834944
2024-10-23 00:00:00-04:00,-0.02569092650241067
2024-10-24 00:00:00-04:00,0.017134692307883004
2024-10-25 00:00:00-04:00,0.009920416616875594
2024-10-28 00:00:00-04:00,-0.01408579724218062
2024-10-29 00:00:00-04:00,0.016824812096357444
2024-10-30 00:00:00-04:00,-0.0378997371091504
2024-10-31 00:00:00-04:00,-0.04256328738522863
2024-11-01 00:00:00-04:00,0.0008025820532215899
2024-11-04 00:00:00-05:00,0.020054227924143575
2024-11-05 00:00:00-05:00,0.0369605788351306
2024-11-06 00:00:00-05:00,0.06010050566882841
2024-11-07 00:00:00-05:00,0.014128575654750675
2024-11-08 00:00:00-05:00,-0.013314440408679573
2024-11-11 00:00:00-05:00,-0.029043902552018608
2024-11-12 00:00:00-05:00,-0.041877545321986176
2024-11-13 00:00:00-05:00,-0.04015378443217332
2024-11-14 00:00:00-05:00,-0.007405954864782016
2024-11-15 00:00:00-05:00,-0.028634922750828684
2024-11-18 00:00:00-05:00,0.012144778308900817
2024-11-19 00:00:00-05:00,0.002256187725389047
2024-11-20 00:00:00-05:00,0.006548601680704369
2024-11-21 00:00:00-05:00,0.04462744857744716
2024-11-22 00:00:00-05:00,-0.0011677741789815066
2024-11-25 00:00:00-05:00,0.017926655774721967
2024-11-26 00:00:00-05:00,-0.025650725620272263
2024-11-27 00:00:00-05:00,-0.035363596287304566
2024-11-29 00:00:00-05:00,-0.0025457570923376194
2024-12-02 00:00:00-05:00,0.006125677023892218
2024-12-03 00:00:00-05:00,0.013089697429045755
2024-12-04 00:00:00-05:00,0.03365375014094685
2024-12-05 00:00:00-05:00,-0.022577388726130354
2024-12-06 00:00:00-05:00,0.0029740608432986537
2024-12-09 00:00:00-05:00,0.01630917228443529
2024-12-10 00:00:00-05:00,-0.045905501580661756
2024-12-11 00:00:00-05:00,0.04036698022261698
2024-12-12 00:00:00-05:00,-0.03742896494514425
2024-12-13 00:00:00-05:00,0.043363212079144065
2024-12-16 00:00:00-05:00,0.05619527416914605
2024-12-17 00:00:00-05:00,0.003140458037653726
2024-12-18 00:00:00-05:00,-0.043277976451876254
2024-12-19 00:00:00-05:00,-0.1617903729171044
2024-12-20 00:00:00-05:00,0.034791738890426416
2024-12-23 00:00:00-05:00,-0.004438544160919045
2024-12-24 00:00:00-05:00,-0.00490408045991253
2024-12-26 00:00:00-05:00,0.006048325099685892
2024-12-27 00:00:00-05:00,-0.01324868744717711
2024-12-30 00:00:00-05:00,-0.0362085247202073
2024-12-31 00:00:00-05:00,-0.01348022723744935
2025-01-02 00:00:00-05:00,0.037666310936919745
2025-01-03 00:00:00-05:00,0.02908516685080631
2025-01-06 00:00:00-05:00,0.10448407854355657
2025-01-07 00:00:00-05:00,0.026697673227127794
2025-01-08 00:00:00-05:00,-0.024531429790616954
2025-01-10 00:00:00-05:00,-0.0007041681128177046
2025-01-13 00:00:00-05:00,-0.04308444060331296
2025-01-14 00:00:00-05:00,0.02419528904527679
2025-01-15 00:00:00-05:00,0.059880879672327136
2025-01-16 00:00:00-05:00,-0.00571763410956605
2025-01-17 00:00:00-05:00,0.030701752094168144
2025-01-21 00:00:00-05:00,0.034326161396923016
2025-01-22 00:00:00-05:00,-0.0013712025067176281
2025-01-23 00:00:00-05:00,-0.040190528116520685
2025-01-24 00:00:00-05:00,-0.01573821834321576
2025-01-27 00:00:00-05:00,-0.1170656563801058
2025-01-28 00:00:00-05:00,-0.03139062343961885
2025-01-29 00:00:00-05:00,0.008612040315186364
2025-01-30 00:00:00-05:00,0.03920894783564077
2025-01-31 00:00:00-05:00,-0.013621637303962819
2025-02-03 00:00:00-05:00,-0.014467343780874664
2025-02-04 00:00:00-05:00,0.008229538901033173
2025-02-05 00:00:00-05:00,0.032428808546759
2025-02-06 00:00:00-05:00,0.010042755044329166
2025-02-07 00:00:00-05:00,-0.023693648962413327
2025-02-10 00:00:00-05:00,0.039328352988824866
2025-02-11 00:00:00-05:00,-0.01928493729778713
2025-02-12 00:00:00-05:00,-0.02551017500762376
2025-02-13 00:00:00-05:00,0.04341184791985864
2025-02-14 00:00:00-05:00,0.04035116752537826
2025-02-18 00:00:00-05:00,0.07305073272600682
2025-02-19 00:00:00-05:00,-0.02275498041984303
2025-02-20 00:00:00-05:00,-0.011306992353684042
2025-02-21 00:00:00-05:00,-0.04206248781277511
2025-02-24 00:00:00-05:00,-0.034702527130248684
2025-02-25 00:00:00-05:00,-0.022953418393206304
2025-02-26 00:00:00-05:00,0.048165431198473385
2025-02-27 00:00:00-05:00,-0.06028036306328488
2025-02-28 00:00:00-05:00,0.019712422457025758
2025-03-03 00:00:00-05:00,-0.03300217215882162
2025-03-04 00:00:00-05:00,0.007289640380222506
2025-03-05 00:00:00-05:00,0.03442979457979267
2025-03-06 00:00:00-05:00,-0.053741840107096484
2025-03-07 00:00:00-05:00,0.041335342618771476
2025-03-10 00:00:00-04:00,-0.06325300088114005
2025-03-11 00:00:00-04:00,0.022622986576886106
2025-03-12 00:00:00-04:00,0.07400326924145362
2025-03-13 00:00:00-04:00,-0.007946516587241104
2025-03-14 00:00:00-04:00,0.062289273243783194
2025-03-17 00:00:00-04:00,0.023018167118033173
2025-03-18 00:00:00-04:00,-0.013480913558385432
2025-03-19 00:00:00-04:00,0.0033425524454488986
2025-03-20 00:00:00-04:00,0.009210286674909751
2025-03-21 00:00:00-04:00,-0.08038831711503569
2025-03-24 00:00:00-04:00,0.023437422933003438
2025-03-25 00:00:00-04:00,-0.028471129971302078
2025-03-26 00:00:00-04:00,-0.021766890876206313
2025-03-27 00:00:00-04:00,-0.010528449174815546
2025-03-28 00:00:00-04:00,-0.029837695130719655
2025-03-31 00:00:00-04:00,-0.016246873569497278
2025-04-01 00:00:00-04:00,0.02094604152869972
2025-04-02 00:00:00-04:00,-0.0012400576382790574
2025-04-03 00:00:00-04:00,-0.1609480271276318
2025-04-04 00:00:00-04:00,-0.1294054097434647
2025-04-07 00:00:00-04:00,0.056396903499199125
2025-04-08 00:00:00-04:00,-0.04139251920318798
2025-04-09 00:00:00-04:00,0.18812941815189088
2025-04-10 00:00:00-04:00,-0.10042385355182515
2025-04-11 00:00:00-04:00,-0.007137709564917327
2025-04-14 00:00:00-04:00,0.021135742196843665
2025-04-15 00:00:00-04:00,0.0002817424434651272
2025-04-16 00:00:00-04:00,-0.02407099632502885
2025-04-17 00:00:00-04:00,-0.007644530174331199
2025-04-21 00:00:00-04:00,-0.02994184330410876
2025-04-22 00:00:00-04:00,0.05199269040280141
2025-04-23 00:00:00-04:00,0.03874105066924294
2025-04-24 00:00:00-04:00,0.06156580916473353
2025-04-25 00:00:00-04:00,0.030482899988401257
2025-04-28 00:00:00-04:00,-0.015291915475878604
2025-04-29 00:00:00-04:00,-0.021384991774778483
2025-04-30 00:00:00-04:00,0.0009105375016689177
2025-05-01 00:00:00-04:00,0.010656280820225295
2025-05-02 00:00:00-04:00,0.037932389705144676
2025-05-05 00:00:00-04:00,-0.003716582313457395
2025-05-06 00:00:00-04:00,0.0011192672033595308
2025-05-07 00:00:00-04:00,0.026207819080563022
2025-05-08 00:00:00-04:00,0.03062227171261278
2025-05-09 00:00:00-04:00,0.00833807998064029
2025-05-12 00:00:00-04:00,0.07488943222783107
2025-05-13 00:00:00-04:00,0.05027625802116287
2025-05-14 00:00:00-04:00,-0.01660987449854101
2025-05-15 00:00:00-04:00,0.0013637421759353785
2025-05-16 00:00:00-04:00,0.026715542268195946
2025-05-19 00:00:00-04:00,0.006632787019337227
2025-05-20 00:00:00-04:00,-0.0055753898810876334
2025-05-21 00:00:00-04:00,-0.02303772348275923
2025-05-22 00:00:00-04:00,-0.010538374412291218
2025-05-23 00:00:00-04:00,-0.015395907555833754
2025-05-27 00:00:00-04:00,0.032237243726843445
2025-05-28 00:00:00-04:00,-0.002075136808798672
2025-05-29 00:00:00-04:00,0.006446316969140886
2025-05-30 00:00:00-04:00,-0.02417355074771299
2025-06-02 00:00:00-04:00,0.03938168994502411
2025-06-03 00:00:00-04:00,0.04145460268020762
2025-06-04 00:00:00-04:00,0.009779957501667935
2025-06-05 00:00:00-04:00,0.02944300279291645
2025-06-06 00:00:00-04:00,0.021356643431121425
2025-06-09 00:00:00-04:00,0.022015477331631006
2025-06-10 00:00:00-04:00,0.02875168358774194
2025-06-11 00:00:00-04:00,0.016558577368005256
2025-06-12 00:00:00-04:00,0.0012928459579182316
2025-06-13 00:00:00-04:00,-0.004992347875595771
2025-06-16 00:00:00-04:00,0.03667820696525537
2025-06-17 00:00:00-04:00,0.004172264950121463
2025-06-18 00:00:00-04:00,0.012298514998837717
2025-06-20 00:00:00-04:00,0.014611706833084881
2025-06-23 00:00:00-04:00,-0.0122976648533899
2025-06-24 00:00:00-04:00,0.04775551755365681
2025-06-25 00:00:00-04:00,-0.005159897440699668
2025-06-26 00:00:00-04:00,-0.009823085049311842
2025-06-27 00:00:00-04:00,-0.00984131526403964
2025-06-30 00:00:00-04:00,-0.012103314906897977
2025-07-01 00:00:00-04:00,-0.019148023631511912
2025-07-02 00:00:00-04:00,0.007031244364925415
2025-07-03 00:00:00-04:00,0.004517799682146828
2025-07-07 00:00:00-04:00,-0.01845721003941614
2025-07-08 00:00:00-04:00,0.037525028729431975
2025-07-09 00:00:00-04:00,-0.017521294423328726
2025-07-10 00:00:00-04:00,0.007117215032276469
2025-07-11 00:00:00-04:00,0.011534400382063437
2025-07-14 00:00:00-04:00,-0.04753875448945566
2025-07-15 00:00:00-04:00,0.012646427177513075
2025-07-16 00:00:00-04:00,-0.030638516894507806
2025-07-17 00:00:00-04:00,-0.027226762159923812
2025-07-18 00:00:00-04:00,0.009977110837857905
2025-07-21 00:00:00-04:00,-0.010140687941319948
2025-07-22 00:00:00-04:00,-0.03541467619944838
2025-07-23 00:00:00-04:00,0.005585071697918886
2025-07-24 00:00:00-04:00,0.017299411309181334
2025-07-25 00:00:00-04:00,-0.004206629452684685
2025-07-28 00:00:00-04:00,-8.976832697327186e-05
2025-07-29 00:00:00-04:00,0.006381953943546348
2025-07-30 00:00:00-04:00,0.024830279623555773
2025-07-31 00:00:00-04:00,-0.048805998707567855
2025-08-01 00:00:00-04:00,-0.039032439792150764
2025-08-04 00:00:00-04:00,0.027555370197690277
2025-08-05 00:00:00-04:00,0.011969869660300558
2025-08-06 00:00:00-04:00,-0.0025673697195274237
2025-08-07 00:00:00-04:00,0.02840599518207143
2025-08-08 00:00:00-04:00,0.06275140837874016
2025-08-11 00:00:00-04:00,0.04062576989247901
2025-08-12 00:00:00-04:00,0.03257357116712645
2025-08-13 00:00:00-04:00,-0.02724078600680868
2025-08-14 00:00:00-04:00,0.008207983967743582
2025-08-15 00:00:00-04:00,-0.03527810196518022
2025-08-18 00:00:00-04:00,0.022172577520568115
2025-08-19 00:00:00-04:00,-0.012140836749341077
2025-08-20 00:00:00-04:00,-0.039655883909186174
2025-08-21 00:00:00-04:00,-0.012115007819299195
2025-08-22 00:00:00-04:00,0.016322645486981147
2025-08-25 00:00:00-04:00,-0.010707127010962991
2025-08-26 00:00:00-04:00,0.0006873013284980356
2025-08-27 00:00:00-04:00,0.0107295837523389
2025-08-28 00:00:00-04:00,0.036093396351066565
2025-08-29 00:00:00-04:00,-0.024508180595007034
2025-09-02 00:00:00-04:00,-0.004453353377147584
2025-09-03 00:00:00-04:00,0.002025666569877682
2025-09-04 00:00:00-04:00,0.046243183463780424
2025-09-05 00:00:00-04:00,0.057644334776802086
2025-09-08 00:00:00-04:00,0.000685112547390121
2025-09-09 00:00:00-04:00,0.02875398023869402
2025-09-10 00:00:00-04:00,0.03519663379096527
2025-09-11 00:00:00-04:00,0.0755000607510401
2025-09-12 00:00:00-04:00,0.0442318840050131
2025-09-15 00:00:00-04:00,0.003434582593818458
2025-09-16 00:00:00-04:00,0.006655205580290424
2025-09-17 00:00:00-04:00,0.007366806107422352
2025-09-18 00:00:00-04:00,0.05562850062708358
2025-09-19 00:00:00-04:00,-0.0364734564218413
2025-09-22 00:00:00-04:00,0.011614371861259798
2025-09-23 00:00:00-04:00,0.010873483660065686
2025-09-24 00:00:00-04:00,-0.028243437723001752
2025-09-25 00:00:00-04:00,-0.030177646492317023
2025-09-26 00:00:00-04:00,0.002805719219532321
2025-09-29 00:00:00-04:00,0.04215675861155477
2025-09-30 00:00:00-04:00,0.02086629247031313
2025-10-01 00:00:00-04:00,0.08863252541968958
2025-10-02 00:00:00-04:00,0.008784090150132817
2025-10-03 00:00:00-04:00,0.022844240382741354
2025-10-06 00:00:00-04:00,0.016663985926357316
2025-10-07 00:00:00-04:00,-0.027597385328163693
2025-10-08 00:00:00-04:00,0.05843065606974074
2025-10-09 00:00:00-04:00,-0.021420581420777296
2025-10-10 00:00:00-04:00,-0.05578944333966185
2025-10-13 00:00:00-04:00,0.061508743528436494
2025-10-14 00:00:00-04:00,-0.029620801917181194
2025-10-15 00:00:00-04:00,0.026087874567737535
2025-10-16 00:00:00-04:00,0.05517349162909824
2025-10-17 00:00:00-04:00,-0.000740571197587303
2025-10-20 00:00:00-04:00,0.021691874433735547
2025-10-21 00:00:00-04:00,-0.02166670593989206
2025-10-22 00:00:00-04:00,-0.018883640769503995
2025-10-23 00:00:00-04:00,0.041517613215722005
2025-10-24 00:00:00-04:00,0.0595520414987496
2025-10-27 00:00:00-04:00,0.004931006426996509
2025-10-28 00:00:00-04:00,0.008223587195283821
2025-10-29 00:00:00-04:00,0.021269838844458766
2025-10-30 00:00:00-04:00,-0.011560792591409297
2025-10-31 00:00:00-04:00,-0.0010712942505480827
2025-11-03 00:00:00-05:00,0.04884476194246545
2025-11-04 00:00:00-05:00,-0.07102681015325252
2025-11-05 00:00:00-05:00,0.08929956606902589
2025-11-06 00:00:00-05:00,0.0034947547488233255
2025-11-07 00:00:00-05:00,-0.0017202716418061037
2025-11-10 00:00:00-05:00,0.06464353286057056
2025-11-11 00:00:00-05:00,-0.04812468561652572
2025-11-12 00:00:00-05:00,0.01571885723147104
2025-11-13 00:00:00-05:00,-0.032462166057412256
2025-11-14 00:00:00-05:00,0.04169650074321973
2025-11-17 00:00:00-05:00,-0.019770560730950182
2025-11-18 00:00:00-05:00,-0.05559006879704953
2025-11-19 00:00:00-05:00,-0.011291052036109694
2025-11-20 00:00:00-05:00,-0.10866681936776335
2025-11-21 00:00:00-05:00,0.02979591988432717
2025-11-24 00:00:00-05:00,0.07985729310162326
2025-11-25 00:00:00-05:00,0.0026793969225440417
2025-11-26 00:00:00-05:00,0.02551995460265144
2025-11-28 00:00:00-05:00,0.027012971713444855
2025-12-01 00:00:00-05:00,0.016830280398749453
2025-12-02 00:00:00-05:00,-0.004034010976544544
2025-12-03 00:00:00-05:00,-0.0222555926611423
2025-12-04 00:00:00-05:00,-0.03207212564104134
2025-12-05 00:00:00-05:00,0.046635810146072876
2025-12-08 00:00:00-05:00,0.04089031294181078
2025-12-09 00:00:00-05:00,0.02227443497401027
2025-12-10 00:00:00-05:00,0.04472689567838972
2025-12-11 00:00:00-05:00,-0.019908131819047492
2025-12-12 00:00:00-05:00,-0.06701228622206445
2025-12-15 00:00:00-05:00,-0.015095033490187593
2025-12-16 00:00:00-05:00,-0.02101052317202723
2025-12-17 00:00:00-05:00,-0.03006316017385402
2025-12-18 00:00:00-05:00,0.10211953266442886
2025-12-19 00:00:00-05:00,0.06988540258728304
2025-12-22 00:00:00-05:00,0.04012474451910775
2025-12-23 00:00:00-05:00,-0.0011570009157934047
2025-12-24 00:00:00-05:00,0.037680584451426524
2025-12-26 00:00:00-05:00,-0.0065926103519007295
2025-12-29 00:00:00-05:00,0.03405632165167849
2025-12-30 00:00:00-05:00,-0.005910968475007716
2025-12-31 00:00:00-05:00,-0.024672770068323358
2026-01-02 00:00:00-05:00,0.10514702657016461
2026-01-05 00:00:00-05:00,-0.010367139430425887
2026-01-06 00:00:00-05:00,0.10020812578795502
2026-01-07 00:00:00-05:00,-0.0112977100322591
2026-01-08 00:00:00-05:00,-0.03690182510922668
2026-01-09 00:00:00-05:00,0.055256645318929376
2026-01-12 00:00:00-05:00,0.002260246342429717
2026-01-13 00:00:00-05:00,-0.022378364834999553
2026-01-14 00:00:00-05:00,-0.014136557514669246
2026-01-15 00:00:00-05:00,0.009839472519194148
2026-01-16 00:00:00-05:00,0.07759268471178937
2026-01-20 00:00:00-05:00,0.006202643248937267
2026-01-21 00:00:00-05:00,0.0660546820753154
2026-01-22 00:00:00-05:00,0.021767565389802623
2026-01-23 00:00:00-05:00,0.005206588078870311
2026-01-26 00:00:00-05:00,-0.02642315199646339
2026-01-27 00:00:00-05:00,0.05435763330685206
2026-01-28 00:00:00-05:00,0.0610375128963212
2026-01-29 00:00:00-05:00,0.0011716529847547452
2026-01-30 00:00:00-05:00,-0.047981904985055834
2026-02-02 00:00:00-05:00,0.05524491114256436
2026-02-03 00:00:00-05:00,-0.04193693212692984
2026-02-04 00:00:00-05:00,-0.09546060569616632
2026-02-05 00:00:00-05:00,0.00919875722009289
2026-02-06 00:00:00-05:00,0.030818201559682956
2026-02-09 00:00:00-05:00,-0.028351396584640143
2026-02-10 00:00:00-05:00,-0.02672748418923032
2026-02-11 00:00:00-05:00,0.09937040030629185
2026-02-12 00:00:00-05:00,0.008846351787739959
2026-02-13 00:00:00-05:00,-0.005580139480252044
2026-02-17 00:00:00-05:00,-0.028858801485320273
2026-02-18 00:00:00-05:00,0.05295423111716979
2026-02-19 00:00:00-05:00,-0.008552147002512278
2026-02-20 00:00:00-05:00,0.025925454423070704
2026-02-23 00:00:00-05:00,-0.01681566107977439
2026-02-24 00:00:00-05:00,-0.00703140544040648
2026-02-25 00:00:00-05:00,0.026291181668863572
2026-02-26 00:00:00-05:00,-0.03132865100081084
2026-02-27 00:00:00-05:00,-0.007676391491998169
2026-03-02 00:00:00-05:00,0.0007275196969014353
2026-03-03 00:00:00-05:00,-0.07994279377864555
2026-03-04 00:00:00-05:00,0.05554663751270872
2026-03-05 00:00:00-05:00,-0.009282053794403056
2026-03-06 00:00:00-05:00,-0.06737185392589196
2026-03-09 00:00:00-04:00,0.051363771673690994
2026-03-10 00:00:00-04:00,0.03542069283571969
2026-03-11 00:00:00-04:00,0.03864953239135671
2026-03-12 00:00:00-04:00,-0.03186132725154833
2026-03-13 00:00:00-04:00,0.05126445878379848
2026-03-16 00:00:00-04:00,0.03677274039568412
2026-03-17 00:00:00-04:00,0.045020326088263785
2026-03-18 00:00:00-04:00,8.670646963215844e-05
2026-03-19 00:00:00-04:00,-0.03781436636689073
2026-03-20 00:00:00-04:00,-0.048101348995923554
2026-03-23 00:00:00-04:00,-0.04386381795683025
2026-03-24 00:00:00-04:00,-0.021812713050911703
2026-03-25 00:00:00-04:00,-0.03397977641669958
2026-03-26 00:00:00-04:00,-0.06969559925911495
2026-03-27 00:00:00-04:00,0.004951365136699248
2026-03-30 00:00:00-04:00,-0.09877626270539619
2026-03-31 00:00:00-04:00,0.049844732868448816
2026-04-01 00:00:00-04:00,0.08882898791802685
2026-04-02 00:00:00-04:00,-0.0043768365948644306
2026-04-06 00:00:00-04:00,0.031454843385832154
2026-04-07 00:00:00-04:00,-0.00047654691102583246
2026-04-08 00:00:00-04:00,0.07720224292393008
2026-04-09 00:00:00-04:00,0.03633863610252064
2026-04-10 00:00:00-04:00,-0.0021826345649025303
2026-04-13 00:00:00-04:00,0.014194354711477786
2026-04-14 00:00:00-04:00,0.0916635546438882
2026-04-15 00:00:00-04:00,-0.020250844219419917
2026-04-16 00:00:00-04:00,0.0021918794689073096
2026-04-17 00:00:00-04:00,-0.004724099643736657
2026-04-20 00:00:00-04:00,-0.014613156858127696
2026-04-21 00:00:00-04:00,0.0021408880346118764
2026-04-22 00:00:00-04:00,0.08478348871359276
2026-04-23 00:00:00-04:00,-0.011815890376787985
2026-04-24 00:00:00-04:00,0.03113839352186787
2026-04-27 00:00:00-04:00,0.056047621429446526
2026-04-28 00:00:00-04:00,-0.038641840301759434
2026-04-29 00:00:00-04:00,0.028098961665373734
2026-04-30 00:00:00-04:00,-0.002507552268930402
2026-05-01 00:00:00-04:00,0.04843773128076223
2026-05-04 00:00:00-04:00,0.06314897328962199
2026-05-05 00:00:00-04:00,0.11059063729567753
2026-05-06 00:00:00-04:00,0.04122156213003314
2026-05-07 00:00:00-04:00,-0.029943500444882698
2026-05-08 00:00:00-04:00,0.15492623874974187
2026-05-11 00:00:00-04:00,0.06496971967866538
2026-05-12 00:00:00-04:00,-0.03614847333379745
2026-05-13 00:00:00-04:00,0.048331480023915185
2026-05-14 00:00:00-04:00,-0.03436901356048305
2026-05-15 00:00:00-04:00,-0.06617190283375973
2026-05-18 00:00:00-04:00,-0.05950373359353034
2026-05-19 00:00:00-04:00,0.02523701179993898
2026-05-20 00:00:00-04:00,0.0475856330673865
2026-05-21 00:00:00-04:00,0.04113440991136752
2026-05-22 00:00:00-04:00,-0.014564983323889447
2026-05-26 00:00:00-04:00,0.19291611813281406
2026-05-27 00:00:00-04:00,0.03631062778616889
2026-05-28 00:00:00-04:00,-0.005267040706225856
2026-05-29 00:00:00-04:00,0.05141200869213147
2026-06-01 00:00:00-04:00,0.06642639467917921
2026-06-02 00:00:00-04:00,0.02761936786742747
2026-06-03 00:00:00-04:00,0.014538136980731142
2026-06-04 00:00:00-04:00,-0.0774103794672013
2026-06-05 00:00:00-04:00,-0.1325201007234943
2026-06-08 00:00:00-04:00,0.09869099828787586
2026-06-09 00:00:00-04:00,-0.014105425561386276
2026-06-10 00:00:00-04:00,-0.047024759341434574
2026-06-11 00:00:00-04:00,0.11659639097445873
2026-06-12 00:00:00-04:00,-0.014319143425898018
2026-06-15 00:00:00-04:00,0.10837292388632624
2026-06-16 00:00:00-04:00,-0.061792798315603914
2026-06-17 00:00:00-04:00,0.021973787134693223
2026-06-18 00:00:00-04:00,0.0870406898099807
2026-06-22 00:00:00-04:00,0.06824582156080128
2026-06-23 00:00:00-04:00,-0.1317588143395868
2026-06-24 00:00:00-04:00,-0.00309955860716038
2026-06-25 00:00:00-04:00,0.15741389249951654
2026-06-26 00:00:00-04:00,-0.0669353130874335
2026-06-29 00:00:00-04:00,0.0114365859262604
2026-06-30 00:00:00-04:00,0.007867117678217905
2026-07-01 00:00:00-04:00,-0.10570131228654323
2026-07-02 00:00:00-04:00,-0.05494641246541454
2026-07-06 00:00:00-04:00,0.009575488371682761
2026-07-07 00:00:00-04:00,-0.04708808846629864
2026-07-08 00:00:00-04:00,0.01110422521359844
2026-07-09 00:00:00-04:00,0.04515179954325288
