Date,XOM
2021-07-13,-0.004741018394464835
2021-07-14,-0.022174696057415955
2021-07-15,-0.009743028217977234
2021-07-16,-0.027650628650328413
2021-07-19,-0.03436819598164309
2021-07-20,0.011020517971219501
2021-07-21,0.03216578102858114
2021-07-22,-0.011253387751667954
2021-07-23,-0.0012256644240304926
2021-07-26,0.02524528701942974
2021-07-27,-0.011114602349279301
2021-07-28,0.006743715121499738
2021-07-29,0.012195102744839037
2021-07-30,-0.023078291114493
2021-08-02,0.0001738437677287763
2021-08-03,0.010767681826451492
2021-08-04,-0.02336791556078921
2021-08-05,0.006333590444218329
2021-08-06,0.01153836874898162
2021-08-09,-0.011406753421772442
2021-08-10,0.01713286536731684
2021-08-11,0.002921994158375796
2021-08-12,-0.0022615796942451194
2021-08-13,-0.010113474686940016
2021-08-16,-0.014620320351918736
2021-08-17,-0.006792936379557024
2021-08-18,-0.02105817014375244
2021-08-19,-0.030520560452697243
2021-08-20,0.00018971142280310715
2021-08-23,0.04114535535372421
2021-08-24,0.008195285340127256
2021-08-25,0.0018063345383450002
2021-08-26,-0.013523488990127563
2021-08-27,0.019374948664958813
2021-08-30,-0.01093786466229707
2021-08-31,-0.011602477057497396
2021-09-01,-0.013756240072047898
2021-09-02,0.024362940391541743
2021-09-03,-0.003812733611928021
2021-09-07,-0.005832186644458837
2021-09-08,-0.009165868010043488
2021-09-09,0.0007400626926767906
2021-09-10,-0.002033604742250228
2021-09-13,0.025750380300000097
2021-09-14,-0.01426748454448279
2021-09-15,0.03371171980287069
2021-09-16,-0.0106343091529294
2021-09-17,-0.011823951904828434
2021-09-20,-0.026649696631278808
2021-09-21,-0.0009312600383203362
2021-09-22,0.029269209386818762
2021-09-23,0.033871020912726424
2021-09-24,0.008934614317695155
2021-09-27,0.029692563645211
2021-09-28,0.01045529766586295
2021-09-29,-0.0006675631322752285
2021-09-30,-0.017701825549548134
2021-10-01,0.03587189192463791
2021-10-04,0.012965841087468455
2021-10-05,-0.0016204185765459345
2021-10-06,-0.018338067133452873
2021-10-07,0.002810315255387996
2021-10-08,0.02505778947299464
2021-10-11,-0.009971037347556777
2021-10-12,-0.0051981564683613035
2021-10-13,-0.0027760449364853113
2021-10-14,0.015228478950616076
2021-10-15,0.009516018828369388
2021-10-18,-0.0004792602680536717
2021-10-19,0.015025538152162898
2021-10-20,0.005511881529574714
2021-10-21,-0.018167469853270446
2021-10-22,0.006858870356846625
2021-10-25,0.019486755029671565
2021-10-26,0.023154547104472734
2021-10-27,-0.02597184164797417
2021-10-28,0.0028066491683609307
2021-10-29,0.0024880431160616556
2021-11-01,0.017992685742914905
2021-11-02,-0.01234188151347837
2021-11-03,-0.013730236200612755
2021-11-04,0.0075083544881464626
2021-11-05,0.009470440370639155
2021-11-08,0.01076605573026912
2021-11-09,0.009738031711842066
2021-11-10,-0.019700521743415078
2021-11-11,0.0018693919370036394
2021-11-12,-0.007619390265840242
2021-11-15,0.008618180700950662
2021-11-16,0.010097724109217276
2021-11-17,-0.010919715081129766
2021-11-18,-0.010884773942012371
2021-11-19,-0.0462190793510745
2021-11-22,0.013845403050006588
2021-11-23,0.026337266870012366
2021-11-24,0.005544007011575758
2021-11-26,-0.03512917602503529
2021-11-29,0.005551053929752081
2021-11-30,-0.02841365709569399
2021-12-01,-0.0008355664753453285
2021-12-02,0.02492055480309907
2021-12-03,-0.00636434043698153
2021-12-06,0.011331905650568741
2021-12-07,0.011204932413636515
2021-12-08,0.0028905119999187434
2021-12-09,0.002562136904240786
2021-12-10,0.006388866072894128
2021-12-13,-0.02190134644717623
2021-12-14,-0.0014603366323231448
2021-12-15,-0.0043873445887799845
2021-12-16,0.0016321299768962128
2021-12-17,-0.021834904288578816
2021-12-20,-0.014492694449985244
2021-12-21,0.02265050236064048
2021-12-22,0.008099148814115997
2021-12-23,0.0004918868984551406
2021-12-27,0.014257560813872638
2021-12-28,-0.0032314876025262285
2021-12-29,-0.008753353282547227
2021-12-30,-0.005887343646812426
2021-12-31,0.006580143436145436
2022-01-03,0.03840505462366672
2022-01-04,0.037613834645400246
2022-01-05,0.012437578575966945
2022-01-06,0.023520608622602968
2022-01-07,0.00819670580653531
2022-01-10,-0.005952417152101819
2022-01-11,0.04206227911037419
2022-01-12,-0.0029431304772646882
2022-01-13,-0.007169067913426974
2022-01-14,0.01755632244652694
2022-01-18,0.016835869049019347
2022-01-19,0.00041057251358189717
2022-01-20,0.0021885572680613308
2022-01-21,-0.015012811943297844
2022-01-24,0.008590877077372827
2022-01-25,0.0293993222228357
2022-01-26,-0.01014256410805392
2022-01-27,0.01280806717228078
2022-01-28,0.002129938593414815
2022-01-31,0.009032999288214327
2022-02-01,0.06411273006314921
2022-02-02,-0.0025979507713634886
2022-02-03,-0.011659817964935093
2022-02-04,0.02171209281926112
2022-02-07,0.012037794876982533
2022-02-08,-0.025852589483262967
2022-02-09,-0.004787166055218117
2022-02-10,-0.009620163333894927
2022-02-11,0.025178817804919706
2022-02-14,-0.015334736521894654
2022-02-15,-0.012534737332250967
2022-02-16,0.0046158021202307165
2022-02-17,-0.001531568963187513
2022-02-18,-0.011120879249656768
2022-02-22,-0.011634391389937382
2022-02-23,0.004054711045058168
2022-02-24,-0.012635045161740743
2022-02-25,0.026912805593958034
2022-02-28,0.007451291926823478
2022-03-01,0.00956373234318919
2022-03-02,0.017178259613815028
2022-03-03,0.006333042784270715
2022-03-04,0.03763566885188596
2022-03-07,0.03603295541433593
2022-03-08,0.007575809699885694
2022-03-09,-0.05684692400844704
2022-03-10,0.0310426250886795
2022-03-11,-0.005154640239879993
2022-03-14,-0.03579848141809605
2022-03-15,-0.05691254720104211
2022-03-16,-0.0037554451557519908
2022-03-17,0.026647662441324105
2022-03-18,-0.003925001849941823
2022-03-21,0.044870825206895004
2022-03-22,-0.004379397507374483
2022-03-23,0.0157623891542924
2022-03-24,0.0030070420220285055
2022-03-25,0.021828041520314034
2022-03-28,-0.028051628098165415
2022-03-29,-0.005313369017656333
2022-03-30,0.017117898340948123
2022-03-31,-0.014203829269124113
2022-04-01,0.006417148143115892
2022-04-04,0.0004813670442271878
2022-04-05,-0.0051706954914036984
2022-04-06,0.011120328979151495
2022-04-07,0.016736357581837558
2022-04-08,0.021046521992384104
2022-04-11,-0.03443103135350045
2022-04-12,0.020870228895283116
2022-04-13,0.014135700583642885
2022-04-14,0.01174979691307887
2022-04-18,0.008197547259495286
2022-04-19,-0.00892130619119813
2022-04-20,0.002278879026156977
2022-04-21,-0.010572974186397466
2022-04-22,-0.02183165369487039
2022-04-25,-0.03371295527840523
2022-04-26,0.0003642370444827403
2022-04-27,0.028557934380648575
2022-04-28,0.030245695898146074
2022-04-29,-0.022362370192483105
2022-05-02,0.013607031888747345
2022-05-03,0.020599486484382812
2022-05-04,0.039800482820220306
2022-05-05,-0.015158220845319814
2022-05-06,0.015280841452131266
2022-05-09,-0.07885283846606739
2022-05-10,0.006630340759938402
2022-05-11,0.020818904345244027
2022-05-12,0.00453942840009991
2022-05-13,0.02966403776095805
2022-05-16,0.023519963094387863
2022-05-17,0.012754452987238318
2022-05-18,-0.01585046404587065
2022-05-19,0.0054052560785187165
2022-05-20,0.007899959378147692
2022-05-23,0.02209898464355664
2022-05-24,0.005431548594028612
2022-05-25,0.0201273199585017
2022-05-26,0.003530564092899091
2022-05-27,0.009830214497024814
2022-05-31,-0.016292274925277073
2022-06-01,0.019166430120937772
2022-06-02,-0.0017375411264738405
2022-06-03,0.014538630448468703
2022-06-06,-0.0025230210702903433
2022-06-07,0.045831874871717915
2022-06-08,0.011802066374552611
2022-06-09,-0.021608126772037495
2022-06-10,-0.018274067179260278
2022-06-13,-0.04588908871683184
2022-06-14,0.0026083063432678077
2022-06-15,-0.012590844847777616
2022-06-16,-0.03688497757402187
2022-06-17,-0.05766492059018302
2022-06-21,0.062238856130707454
2022-06-22,-0.03957150667621512
2022-06-23,-0.030161840850918553
2022-06-24,0.019833481251920748
2022-06-27,0.02451082623076517
2022-06-28,0.027743477869265565
2022-06-29,-0.036939842122739486
2022-06-30,-0.028143256432388575
2022-07-01,0.02230256582158141
2022-07-05,-0.031296278485920204
2022-07-06,-0.018040636778951735
2022-07-07,0.03194057113975335
2022-07-08,0.001628969750750553
2022-07-11,-0.0051112930748384855
2022-07-12,-0.013311644976611858
2022-07-13,0.004023486238683649
2022-07-14,-0.020037841828889347
2022-07-15,0.016839148080664668
2022-07-18,0.01845290002674238
2022-07-19,0.02520343032981187
2022-07-20,0.010988907792559788
2022-07-21,-0.016696574983571022
2022-07-22,-0.007635280494759367
2022-07-25,0.033302604656196166
2022-07-26,-0.0038897714487750035
2022-07-27,0.021644729169274957
2022-07-28,0.01168509141734475
2022-07-29,0.04630797739404624
2022-08-01,-0.02527564258540549
2022-08-02,-0.0043397149955208825
2022-08-03,-0.03242277321673215
2022-08-04,-0.04207848964703842
2022-08-05,0.014451143851238468
2022-08-08,0.005652753933207411
2022-08-09,0.01843737523457123
2022-08-10,0.009493277986700743
2022-08-11,0.0289280915302621
2022-08-12,0.008691996942087776
2022-08-15,-0.017872480788662104
2022-08-16,-0.009315415525305681
2022-08-17,0.0080909827380653
2022-08-18,0.023644081982771903
2022-08-19,-0.00317840053743379
2022-08-22,-0.0007441109055005279
2022-08-23,0.0424422291709583
2022-08-24,0.005918380196031192
2022-08-25,0.0051733277370400454
2022-08-26,-0.012311968552747188
2022-08-29,0.022989583581669137
2022-08-30,-0.03805396902886615
2022-08-31,-0.007476263522811166
2022-09-01,-0.017993228797049232
2022-09-02,0.018322917239162795
2022-09-06,-0.006695264226080466
2022-09-07,-0.008530792747024063
2022-09-08,0.008179546488916056
2022-09-09,0.016752734077377207
2022-09-12,0.011502609910738482
2022-09-13,-0.023358466194582594
2022-09-14,0.024546424663127286
2022-09-15,-0.029077403811826108
2022-09-16,-0.01708344393962713
2022-09-19,-0.00010726728931753637
2022-09-20,-0.008154393938312188
2022-09-21,-0.016118667616213056
2022-09-22,-0.004177824635122063
2022-09-23,-0.0532186661013071
2022-09-26,-0.020641386371698545
2022-09-27,0.020957273562269396
2022-09-28,0.036389247753565446
2022-09-29,-0.002025914039082477
2022-09-30,-0.015448647399213478
2022-10-03,0.05280033921250871
2022-10-04,0.0364447641710941
2022-10-05,0.04041136658804789
2022-10-06,0.02966110487166662
2022-10-07,-0.010092079322270187
2022-10-10,-0.021676730480088113
2022-10-11,-0.008498607841933792
2022-10-12,0.004387662764934852
2022-10-13,0.0349487524003107
2022-10-14,-0.026307942687070596
2022-10-17,0.014416708630492492
2022-10-18,0.001789048884036637
2022-10-19,0.029662526679359313
2022-10-20,0.0013488259594045537
2022-10-21,0.01857026627126701
2022-10-24,0.006990458680636413
2022-10-25,-0.006754344493213771
2022-10-26,0.011900380802065236
2022-10-27,0.0038267141491956647
2022-10-28,0.02928862594077808
2022-10-31,0.0009936720832166568
2022-11-01,0.009927090750140755
2022-11-02,-0.020552377926844057
2022-11-03,0.013593580789799331
2022-11-04,0.010891195540133403
2022-11-07,0.011842230703052348
2022-11-08,0.0031678424975902786
2022-11-09,-0.04473673418444435
2022-11-10,0.014692143618884046
2022-11-11,0.03122183644594201
2022-11-14,0.002919503324208428
2022-11-15,0.006703620906544083
2022-11-16,-0.010689538436647439
2022-11-17,0.0013285264031905886
2022-11-18,-0.008668093871607052
2022-11-21,-0.009903502044452117
2022-11-22,0.028926625704159825
2022-11-23,-0.004991993095043945
2022-11-25,-0.0035209588429174765
2022-11-28,-0.03003261098875043
2022-11-29,0.006647712830172292
2022-11-30,0.007237182366060635
2022-12-01,-0.00484992078360047
2022-12-02,-0.008483811534848451
2022-12-05,-0.027398482068050733
2022-12-06,-0.02779603022509003
2022-12-07,-0.0022140468061822016
2022-12-08,0.007429036339279493
2022-12-09,-0.008427811251705997
2022-12-12,0.024628232166205466
2022-12-13,0.010934168170520397
2022-12-14,-0.007365830100244941
2022-12-15,-0.00958103939336108
2022-12-16,-0.007018435629691289
2022-12-19,0.004488965006378631
2022-12-20,0.01445308437128201
2022-12-21,0.012840707665952689
2022-12-22,-0.02017385167487651
2022-12-23,0.026445048843277696
2022-12-27,0.013893769562627556
2022-12-28,-0.016426019854840157
2022-12-29,0.007565874529970262
2022-12-30,0.010073472652238902
2023-01-03,-0.03436094293355163
2023-01-04,0.002910719139346707
2023-01-05,0.022373829158101266
2023-01-06,0.012086934242305114
2023-01-09,-0.01863735089607388
2023-01-10,0.014934729612398945
2023-01-11,0.01162705765787142
2023-01-12,0.01661121563798318
2023-01-13,-0.0006183016844291123
2023-01-17,-0.0019443170566451062
2023-01-18,-0.020543574601869508
2023-01-19,0.006418972045284743
2023-01-20,0.018235477987735615
2023-01-23,-0.005204991443248819
2023-01-24,0.009311828058356397
2023-01-25,-0.005272006887030223
2023-01-26,0.04019081358457521
2023-01-27,-0.018257538162083087
2023-01-30,-0.017732025758979475
2023-01-31,0.021574711788993728
2023-02-01,-0.010947488956483675
2023-02-02,-0.03128809223656748
2023-02-03,0.0069274428281005385
2023-02-06,-0.0016975223771624748
2023-02-07,0.028550940449935558
2023-02-08,-0.00870168476254074
2023-02-09,0.003774456685329053
2023-02-10,0.04215126848738859
2023-02-13,-0.00388951697161366
2023-02-14,-0.011714690893276702
2023-02-15,-0.0030065192889580095
2023-02-16,-0.0029293193149347863
2023-02-17,-0.03845156105819414
2023-02-21,-0.0009884005700292464
2023-02-22,-0.012953366289658708
2023-02-23,0.009204616216672346
2023-02-24,9.034163426457908e-05
2023-02-27,-0.0018058245118650618
2023-02-28,-0.0057894157263442825
2023-03-01,0.008916469190277887
2023-03-02,0.004599196341264378
2023-03-03,0.012656974092688067
2023-03-06,0.008864470980410655
2023-03-07,-0.01933043681382851
2023-03-08,-0.014604345280924913
2023-03-09,-0.007728700011865763
2023-03-10,-0.012370749552424454
2023-03-13,-0.011504572861505524
2023-03-14,0.0037542854245460333
2023-03-15,-0.04974761689444207
2023-03-16,-0.005805922638820404
2023-03-17,-0.01177868084197331
2023-03-20,0.02614174307201078
2023-03-21,0.04480261202147684
2023-03-22,-0.022888848550125407
2023-03-23,-0.011282108594260487
2023-03-24,0.0011605324842562936
2023-03-27,0.021925951709379943
2023-03-28,0.012476433408029619
2023-03-29,0.017176828189865434
2023-03-30,0.00486421902781653
2023-03-31,0.0015526422890250746
2023-04-03,0.059000794473301976
2023-04-04,-0.009558386850800904
2023-04-05,0.017127503788915588
2023-04-06,-0.01658283721505538
2023-04-10,-0.004432676621056286
2023-04-11,0.007071706223202412
2023-04-12,-0.001040183274038764
2023-04-13,0.0046860678572866465
2023-04-14,0.002418705695947043
2023-04-17,-0.011633015387753076
2023-04-18,0.01952926192609805
2023-04-19,-0.0031640362140397116
2023-04-20,-0.007978000018536768
2023-04-21,0.003199532002603034
2023-04-24,0.01887776615068293
2023-04-25,-0.014213236769028637
2023-04-26,-0.009183028295908113
2023-04-27,0.011953294486004351
2023-04-28,0.01292473960760554
2023-05-01,-0.03101228363917996
2023-05-02,-0.03985342768797351
2023-05-03,-0.01970943648381418
2023-05-04,-0.01751138808526298
2023-05-05,0.024896392057684347
2023-05-08,0.003956366389445298
2023-05-09,0.0002750737993841845
2023-05-10,-0.012827557059973516
2023-05-11,-0.01809917557666585
2023-05-12,-9.456879964631071e-05
2023-05-15,0.001907237409036533
2023-05-16,-0.024269601771723104
2023-05-17,0.022434797645624505
2023-05-18,0.00906295307423255
2023-05-19,0.004632831738262455
2023-05-22,-0.012140224172884517
2023-05-23,0.013623014041941328
2023-05-24,0.011184306063656058
2023-05-25,-0.017938543925198447
2023-05-26,-0.006530472344731142
2023-05-30,-0.0088595830764584
2023-05-31,-0.01787771595592791
2023-06-01,0.011548320680978774
2023-06-02,0.023219734285398808
2023-06-05,-0.004444031180548258
2023-06-06,0.00816796584816415
2023-06-07,0.022421133097033197
2023-06-08,-0.0031327674670261763
2023-06-09,-0.007394529189665322
2023-06-12,-0.009032431147837361
2023-06-13,0.0001880647291379045
2023-06-14,-0.012025638869988864
2023-06-15,0.006941676937131991
2023-06-16,-0.007177211844633713
2023-06-20,-0.022924108645273056
2023-06-21,0.011195641651777333
2023-06-22,-0.005487571583728479
2023-06-23,-0.008712559902319117
2023-06-26,0.01845708629013587
2023-06-27,0.002493076069146616
2023-06-28,0.008130022930275205
2023-06-29,0.012333943903752864
2023-06-30,0.005154690920502025
2023-07-03,0.0019578642019033587
2023-07-05,-0.005118000079269547
2023-07-06,-0.03732119394813638
2023-07-07,0.002331966020181264
2023-07-10,0.01483133868265174
2023-07-11,0.012226580242415741
2023-07-12,0.004906865225994039
2023-07-13,-0.018311548899463292
2023-07-14,-0.03443646664198474
2023-07-17,0.004358868351948653
2023-07-18,-0.00453719889135229
2023-07-19,0.006936142477861784
2023-07-20,0.017614680878787592
2023-07-21,0.00464175053688054
2023-07-24,0.015689615701224735
2023-07-25,0.00151631107436212
2023-07-26,-0.005583046347975684
2023-07-27,0.0031403740793058965
2023-07-28,-0.011952385984991931
2023-07-31,0.029569885290166686
2023-08-01,-0.005781417859856086
2023-08-02,-0.012474105555989712
2023-08-03,0.017380707839641962
2023-08-04,0.0028004105190184703
2023-08-07,-0.00204796223282544
2023-08-08,0.004944109502089011
2023-08-09,0.016986890096944984
2023-08-10,0.005111275336212362
2023-08-11,0.015528659353893026
2023-08-14,0.000804709094268663
2023-08-15,-0.02567339255409884
2023-08-16,-0.01682695858773675
2023-08-17,0.019371897190876952
2023-08-18,0.015129122501634118
2023-08-21,-0.012086513124434983
2023-08-22,-0.005611466037633517
2023-08-23,-0.008788016581624758
2023-08-24,-0.00746610017648186
2023-08-25,0.017865480736980688
2023-08-28,0.008406600552743004
2023-08-29,0.005954415412953384
2023-08-30,0.009744130861510936
2023-08-31,0.0027958639802894147
2023-09-01,0.020955131410826278
2023-09-05,8.81345215770768e-05
2023-09-06,0.008632148242169846
2023-09-07,-0.004890524615862146
2023-09-08,0.014567780637866345
2023-09-11,-0.012542182516168787
2023-09-12,0.029169606944404736
2023-09-13,-0.008936941365513595
2023-09-14,0.017863140473162842
2023-09-15,-0.015356021960123423
2023-09-18,0.00805495222324959
2023-09-19,-0.0026351327760043564
2023-09-20,-0.007926427738055186
2023-09-21,-0.01408917743647442
2023-09-22,0.0015684049359705465
2023-09-25,0.011223215985663115
2023-09-26,0.0015487129157818469
2023-09-27,0.03255711776306902
2023-09-28,-0.006073066234504876
2023-09-29,-0.015819987736519603
2023-10-02,-0.016584332319850792
2023-10-03,0.0017297293073836872
2023-10-04,-0.0373824695299535
2023-10-05,-0.022511282800850574
2023-10-06,-0.01669866282364829
2023-10-09,0.03499101988769593
2023-10-10,-0.0042373840064678925
2023-10-11,-0.035853270141462
2023-10-12,-0.00018774846230884545
2023-10-13,0.03193399630152505
2023-10-16,0.0007278904235583639
2023-10-17,0.013096910579868837
2023-10-18,0.014004986503366679
2023-10-19,0.0006197587962162299
2023-10-20,-0.017165153202404526
2023-10-23,-0.014674111591177486
2023-10-24,-0.009684768845237723
2023-10-25,0.0018451137133230766
2023-10-26,-0.009116749989523054
2023-10-27,-0.01905206682781213
2023-10-30,0.003126468206842592
2023-10-31,-0.000283403176770225
2023-11-01,-0.001983910433434155
2023-11-02,0.03284746270051375
2023-11-03,-0.012189685895738323
2023-11-06,-0.01772119909307701
2023-11-07,-0.015679516018257234
2023-11-08,-0.012283049010258895
2023-11-09,0.0002915256176814207
2023-11-10,0.007672843523993
2023-11-13,0.010506069902265436
2023-11-14,0.0038503711692376985
2023-11-15,-0.006040865562503828
2023-11-16,-0.011576341719277239
2023-11-17,0.02439965068113792
2023-11-20,-0.004382530376211391
2023-11-21,-0.0003829084942300609
2023-11-22,-0.004307803358347462
2023-11-24,0.0053843003852547255
2023-11-27,-0.0058334828295266705
2023-11-28,-0.0005773062507594684
2023-11-29,-0.015014324507785393
2023-11-30,0.003908524979551187
2023-12-01,0.0024333073445974573
2023-12-04,-0.005437384080105079
2023-12-05,-0.01942793370417928
2023-12-06,-0.013241749285574311
2023-12-07,-0.0069620664485156025
2023-12-08,0.011481470719158615
2023-12-11,0.0007031386681215501
2023-12-12,-0.015759826019735357
2023-12-13,0.00887296667873394
2023-12-14,0.026890444759462007
2023-12-15,-0.006694197502573829
2023-12-18,0.007433124879948627
2023-12-19,0.013182474700385471
2023-12-20,-0.016700674799373982
2023-12-21,0.004542299349240775
2023-12-22,0.0017695580122247812
2023-12-26,0.00225684571789464
2023-12-27,-0.004699608455237425
2023-12-28,-0.014459847094796086
2023-12-29,-0.0020960239254350643
2024-01-02,0.023804722771564535
2024-01-03,0.008401691287407864
2024-01-04,-0.00871934784344075
2024-01-05,0.0030296934424343114
2024-01-08,-0.016661606313575827
2024-01-09,-0.01238611337887019
2024-01-10,-0.009832422158397303
2024-01-11,-0.00020259940411249122
2024-01-12,0.012972517937923422
2024-01-16,-0.022611097956294568
2024-01-17,-0.007268106773250627
2024-01-18,-0.0018560584529341284
2024-01-19,0.0015495915098655555
2024-01-22,-0.0013408729577167877
2024-01-23,0.011258095681355718
2024-01-24,0.017260602776607792
2024-01-25,0.02540165690626317
2024-01-26,0.008518580596408531
2024-01-29,0.0012621128873941956
2024-01-30,0.016678002951238557
2024-01-31,-0.019456503752618648
2024-02-01,-0.004085137935188388
2024-02-02,-0.004102056663225051
2024-02-05,-0.004118627662824559
2024-02-06,0.006892904235079156
2024-02-07,-0.00029323732466068897
2024-02-08,0.017119799998410512
2024-02-09,-0.02115983086869533
2024-02-12,0.01375649730707873
2024-02-13,-0.008608834711868019
2024-02-14,-0.004933963120493767
2024-02-15,0.028659481488443772
2024-02-16,0.0
2024-02-20,-0.009447839567414462
2024-02-21,0.02043799027867732
2024-02-22,-0.0008583794535386158
2024-02-23,-0.008781996773333134
2024-02-26,0.0039483683547125725
2024-02-27,-0.0021102410070921174
2024-02-28,0.0027876821854404543
2024-02-29,0.0019171134617030905
2024-03-01,0.012629209608842284
2024-03-04,-0.013983366873723813
2024-03-05,0.012265138348767746
2024-03-06,0.010696697219217954
2024-03-07,0.005619675495163845
2024-03-08,0.009406675893502747
2024-03-11,0.005905177653218852
2024-03-12,-0.006420850481680729
2024-03-13,0.011170571599912416
2024-03-14,0.01771212288795687
2024-03-15,-0.0017942180510965855
2024-03-18,0.009256709944759356
2024-03-19,0.007034748230525079
2024-03-20,-0.0008842944055451607
2024-03-21,0.0044251673003563585
2024-03-22,0.0
2024-03-25,0.010221111486711676
2024-03-26,-0.007501053971583294
2024-03-27,0.010370065185803412
2024-03-28,0.01104623866665011
2024-04-01,0.006452199136079972
2024-04-02,0.01957440355630169
2024-04-03,0.00016766706870030568
2024-04-04,0.003520555875649256
2024-04-05,0.013782209599077833
2024-04-08,-0.006756310948654698
2024-04-09,0.0052261103849409185
2024-04-10,0.008417083153694715
2024-04-11,-0.0033550767867507325
2024-04-12,-0.01165942719492219
2024-04-15,-0.00573237190389253
2024-04-16,-0.008272021986987066
2024-04-17,-0.0005055016292306869
2024-04-18,-0.000927256316202496
2024-04-19,0.011474818184577629
2024-04-22,0.005672423017483386
2024-04-23,0.0038985131694122543
2024-04-24,0.0001651070060340043
2024-04-25,0.0023130841612934994
2024-04-26,-0.02777547243099332
2024-04-29,0.014242126383788412
2024-04-30,-0.011451013677948763
2024-05-01,-0.01893963515604835
2024-05-02,0.0018097805732191219
2024-05-03,-0.0020646952445941835
2024-05-06,0.006465619327484129
2024-05-07,-0.004967924253541645
2024-05-08,-0.00017222641240521863
2024-05-09,0.019716108404230104
2024-05-10,-0.0040528950478745385
2024-05-13,-0.0004236842341632796
2024-05-14,0.006070342865079903
2024-05-15,0.007733412023342323
2024-05-16,-0.005987481713161769
2024-05-17,0.015016602477792018
2024-05-20,-0.008107742225796022
2024-05-21,-0.006909899371916994
2024-05-22,-0.02011010513806699
2024-05-23,-0.017059456693903963
2024-05-24,-0.0007928908972938409
2024-05-28,0.012696392985446225
2024-05-29,-0.010708834689315716
2024-05-30,0.0031682140401467773
2024-05-31,0.028686747747450392
2024-06-03,-0.023963915967152527
2024-06-04,-0.015552672886748775
2024-06-05,0.003993938734828006
2024-06-06,0.007514247707367083
2024-06-07,-0.010704535977959395
2024-06-10,0.002926742488065015
2024-06-11,-0.008047317173088042
2024-06-12,-0.011054695620001054
2024-06-13,-0.008023202900377058
2024-06-14,-0.008451324056070075
2024-06-17,-0.006873776739982351
2024-06-18,0.009413000401866656
2024-06-20,0.02157611649120139
2024-06-21,-0.008770348162144392
2024-06-24,0.029703971683154196
2024-06-25,0.0028057318736982584
2024-06-26,0.0003497619339341007
2024-06-27,0.00428283639641891
2024-06-28,0.0019147462833541962
2024-07-01,-0.0013899329505968616
2024-07-02,-0.006784929107593429
2024-07-03,0.005079773174057056
2024-07-05,-0.012112246841560537
2024-07-08,-0.010496660600955443
2024-07-09,-0.011053637897547652
2024-07-10,0.00883344427217736
2024-07-11,0.011883473129336686
2024-07-12,0.00017668243619750612
2024-07-15,0.01712718499799548
2024-07-16,0.007204398092018005
2024-07-17,0.013788148115487786
2024-07-18,0.009860737444430168
2024-07-19,-0.022979696982664666
2024-07-22,-0.006892642796251791
2024-07-23,-0.01613581624794047
2024-07-24,0.014107969605226645
2024-07-25,0.02104164047128676
2024-07-26,-0.0008515501869643671
2024-07-29,-0.010483188520258424
2024-07-30,0.017829452033358173
2024-07-31,0.0035541275892576607
2024-08-01,-0.013829121065780492
2024-08-02,-0.0005986152224932706
2024-08-05,-0.018052650025051742
2024-08-06,-0.005315031350763055
2024-08-07,0.01331476113594987
2024-08-08,0.01910427797506209
2024-08-09,0.008143164000653957
2024-08-12,0.0012622012040437447
2024-08-13,-0.009579897058964448
2024-08-14,0.009248406593664882
2024-08-15,0.006186386511385589
2024-08-16,-0.00471661926562994
2024-08-19,0.0030465791829834554
2024-08-20,-0.033325078334979774
2024-08-21,-0.00637118072138898
2024-08-22,0.007729649808231764
2024-08-23,0.01385858037676524
2024-08-26,0.021406485388761
2024-08-27,-0.00951096577974686
2024-08-28,-0.009857294527752303
2024-08-29,0.013817423126330164
2024-08-30,-0.0016084023062363784
2024-09-03,-0.020942846086568823
2024-09-04,-0.012210963304816747
2024-09-05,-0.007802926453480241
2024-09-06,-0.004683181289613425
2024-09-09,0.02104048450881124
2024-09-10,-0.03643162943479794
2024-09-11,-0.009925981773632575
2024-09-12,0.013762220376289047
2024-09-13,-0.0007191216906197173
2024-09-16,0.014035036692728209
2024-09-17,0.01304232939868033
2024-09-18,0.003503135345418684
2024-09-19,0.012393066265005581
2024-09-20,-0.006293119142657511
2024-09-23,0.018131469984739468
2024-09-24,-0.0026414674650913073
2024-09-25,-0.019478844400830808
2024-09-26,-0.017164659795751325
2024-09-27,0.02677302853173069
2024-09-30,0.012087742619787845
2024-10-01,0.023118879265493275
2024-10-02,0.013257758143443654
2024-10-03,0.008722771185445177
2024-10-04,0.018355410691072827
2024-10-07,0.004325827652665648
2024-10-08,-0.02656138253148388
2024-10-09,0.00040979706369936864
2024-10-10,0.008600161058151423
2024-10-11,0.0038167498038559344
2024-10-14,0.0038022376141881864
2024-10-15,-0.0300612249364407
2024-10-16,0.002575842363309322
2024-10-17,-0.0025692244461401614
2024-10-18,-0.00282505244257103
2024-10-21,0.0005832049238658765
2024-10-22,0.005163268494202011
2024-10-23,-0.0035625906090231974
2024-10-24,-0.005653863356815281
2024-10-25,-0.0008361821059058583
2024-10-28,-0.004937691089328289
2024-10-29,-0.013624924643008907
2024-10-30,-0.005030667355054641
2024-10-31,0.0007712875466774349
2024-11-01,-0.01567041408353076
2024-11-04,0.031839911174257995
2024-11-05,0.0029507160106190256
2024-11-06,0.017148644777955857
2024-11-07,0.0012397575229055047
2024-11-08,-0.00033021933167998174
2024-11-11,-0.005284453803972022
2024-11-12,-0.0009961156988921305
2024-11-13,0.009306193364054582
2024-11-14,0.000664021669195991
2024-11-15,-0.010368287475539417
2024-11-18,0.008381532114884349
2024-11-19,-0.013963958771684437
2024-11-20,0.014246043238776762
2024-11-21,0.013380906217064892
2024-11-22,-0.0011480874347835623
2024-11-25,-0.014943805559528456
2024-11-26,-0.016670777092276268
2024-11-27,-0.0026277962294602997
2024-11-29,0.0025496254830918996
2024-12-02,-0.0009325010456826544
2024-12-03,-0.0015273906963371164
2024-12-04,-0.02880941922277458
2024-12-05,0.004375221658069917
2024-12-06,-0.010541837779006635
2024-12-09,-0.00589936688034165
2024-12-10,-0.0020372702665898412
2024-12-11,-0.00665675395182308
2024-12-12,-0.0008933670806872129
2024-12-13,-0.008764015833611194
2024-12-16,-0.021382201177820748
2024-12-17,-0.004240800366081765
2024-12-18,-0.014720843602475275
2024-12-19,-0.008550977633905665
2024-12-20,0.0034119792693523276
2024-12-23,0.004061538582685431
2024-12-24,0.0009406739686919074
2024-12-26,0.0008458410754499379
2024-12-27,-9.379418244193083e-05
2024-12-30,-0.006761869916495966
2024-12-31,0.017114239675909415
2025-01-02,-0.002417070846966074
2025-01-03,0.005125310942950767
2025-01-06,-0.0011125718313013122
2025-01-07,0.009374464531815008
2025-01-08,-0.016735541804689058
2025-01-10,-0.0036472686679064337
2025-01-13,0.025811915072594394
2025-01-14,0.003934514631462438
2025-01-15,0.016314122009354115
2025-01-16,-0.0017038754720218874
2025-01-17,0.008983117157784104
2025-01-21,-0.007567611237676131
2025-01-22,-0.01740378660418085
2025-01-23,0.005660570268203102
2025-01-24,-0.013527050644476901
2025-01-27,0.013896530533503482
2025-01-28,-0.019333750937444494
2025-01-29,0.005831159258885998
2025-01-30,0.008281944773215866
2025-01-31,-0.025006822190665634
2025-02-03,0.0024337386988240173
2025-02-04,0.026799922600474257
2025-02-05,-0.0007274764782119192
2025-02-06,-0.01319632315707897
2025-02-07,0.004242365143703575
2025-02-10,0.019101869940526983
2025-02-11,0.006307971732415485
2025-02-12,-0.030086715575782685
2025-02-13,0.00726604662082031
2025-02-14,0.0010172194742126273
2025-02-18,0.017553647952107454
2025-02-19,0.001452681975685044
2025-02-20,0.015412482794323612
2025-02-21,-0.011696391385782046
2025-02-24,0.005239788513522248
2025-02-25,-0.013840195474999484
2025-02-26,-0.002460569559257886
2025-02-27,0.006303745643024827
2025-02-28,0.01071271895183279
2025-03-03,-0.032066851578892996
2025-03-04,-0.0020416454079750235
2025-03-05,-0.01952762495411109
2025-03-06,0.020675190216316475
2025-03-07,0.013008789589011194
2025-03-10,0.025500035819262967
2025-03-11,-0.023613711902793932
2025-03-12,-0.0002748322911638734
2025-03-13,-0.004215132279015377
2025-03-14,0.02972309134304507
2025-03-17,0.016621940285239445
2025-03-18,-0.0010548766323733583
2025-03-19,0.015575511366091588
2025-03-20,0.004245715784117587
2025-03-21,-0.0034512850288702657
2025-03-24,0.002597531419942678
2025-03-25,0.006821943701640132
2025-03-26,0.014409461884615116
2025-03-27,-0.0032129048779427904
2025-03-28,-0.0013571837702173184
2025-03-31,0.010192711659467335
2025-04-01,0.0009250465763321891
2025-04-02,-0.0031082927429630924
2025-04-03,-0.05258280323604614
2025-04-04,-0.07195589922366563
2025-04-07,-0.013417577477281006
2025-04-08,-0.02108021230562529
2025-04-09,0.04991558973805854
2025-04-10,-0.05548202042205741
2025-04-11,0.032122510826021466
2025-04-14,0.002423817300023945
2025-04-15,-0.002804952626800694
2025-04-16,0.010572376192660826
2025-04-17,0.026202124091773804
2025-04-21,-0.014683941583167215
2025-04-22,0.02800196715668868
2025-04-23,-0.008587308706903607
2025-04-24,0.011735096483703744
2025-04-25,-0.0005522732359217741
2025-04-28,0.00055257841018852
2025-04-29,-0.0024854124093622865
2025-04-30,-0.0251937919132158
2025-05-01,0.0014199333733986297
2025-05-02,0.004065084617032255
2025-05-05,-0.027680975225145787
2025-05-06,0.013943967014492964
2025-05-07,-0.0009549142383059595
2025-05-08,0.013956592771912524
2025-05-09,0.01169031270294374
2025-05-12,0.017239775988343586
2025-05-13,0.002748250127662999
2025-05-14,-0.008952934543955515
2025-05-15,0.010140400017518925
2025-05-16,-0.003591751717425651
2025-05-19,-0.01589798974256551
2025-05-20,-0.014276399723221034
2025-05-21,-0.012291518860237716
2025-05-22,-0.006656387085396953
2025-05-23,0.0005826649939291162
2025-05-27,0.004755876324139319
2025-05-28,-0.013620449694393355
2025-05-29,0.005680122877480764
2025-05-30,-0.003797764043228846
2025-06-02,0.0073312820478090845
2025-06-03,0.007278078314744585
2025-06-04,-0.014450829568508516
2025-06-05,-0.00459434498704947
2025-06-06,0.02396141804651508
2025-06-09,0.006713333429472668
2025-06-10,0.021434791481342197
2025-06-11,0.019492553493155373
2025-06-12,0.0038422361931318427
2025-06-13,0.021780811224838104
2025-06-16,0.003210826033586356
2025-06-17,0.013513447305786519
2025-06-18,-0.007105220632818154
2025-06-20,0.013340421145699333
2025-06-23,-0.025806448070381238
2025-06-24,-0.030427766867891837
2025-06-25,0.00027692857938554916
2025-06-26,0.014948768230563791
2025-06-27,-0.005545956881910397
2025-06-30,-0.014445030238361967
2025-07-01,0.013357916068402087
2025-07-02,0.01656919614384278
2025-07-03,0.01035552205658008
2025-07-07,-0.009714721703892759
2025-07-08,0.027720220690452546
2025-07-09,-0.0034151561619039095
2025-07-10,0.009929563151520826
2025-07-11,0.004350508865415437
2025-07-14,-0.013081540476968745
2025-07-15,-0.008865855602783745
2025-07-16,-0.006022521284441806
2025-07-17,-0.0050788486642970865
2025-07-18,-0.03483794103622784
2025-07-21,0.0025981668704393446
2025-07-22,0.004534918236533958
2025-07-23,0.012806342171925555
2025-07-24,0.007823176726808434
2025-07-25,-0.003520175725261976
2025-07-28,0.009420367675655905
2025-07-29,0.012921601959048568
2025-07-30,-0.008681679919466223
2025-07-31,-0.0023235750030974334
2025-08-01,-0.01791465755992261
2025-08-04,-0.020704108574539304
2025-08-05,-0.0012108406088987556
2025-08-06,-0.006807104271820186
2025-08-07,-0.005257731432982027
2025-08-08,0.008022686138281276
2025-08-11,-0.009082448133783227
2025-08-12,0.0028346682320101735
2025-08-13,0.013851027846778274
2025-08-14,-0.002044605395182586
2025-08-15,0.0009399013719406657
2025-08-18,0.0021598897026482433
2025-08-19,0.0065591841331813505
2025-08-20,0.010333232160258055
2025-08-21,0.006449866239876201
2025-08-22,0.018767650080895537
2025-08-25,0.004133696417869981
2025-08-26,-0.0022373196448547406
2025-08-27,0.011301582886238393
2025-08-28,0.005321508036637335
2025-08-29,0.008292781548297823
2025-09-02,0.0034999375876425542
2025-09-03,-0.02423926283152067
2025-09-04,0.0043784875608297025
2025-09-05,-0.02820279190353525
2025-09-08,0.005676018226726587
2025-09-09,0.007282730339734478
2025-09-10,0.016719439792323154
2025-09-11,-0.00320001397761438
2025-09-12,0.00017827199005493455
2025-09-15,0.001694012248433907
2025-09-16,0.020738789613595987
2025-09-17,0.005319214057318611
2025-09-18,-0.01179642121098845
2025-09-19,-0.009742856450401072
2025-09-22,-0.007090942351974272
2025-09-23,0.017229093128151796
2025-09-24,0.005353222317430184
2025-09-25,0.008990912676600571
2025-09-26,0.014101557612974602
2025-09-29,-0.025592839269777734
2025-09-30,-0.0128698772581064
2025-10-01,-0.006740659862015552
2025-10-02,-0.006250524109890798
2025-10-03,0.01770151289608668
2025-10-06,0.008299440439263117
2025-10-07,0.0005254419282167966
2025-10-08,-0.002100527405090258
2025-10-09,-0.009735029551375507
2025-10-10,-0.01930748970718088
2025-10-13,0.01363673697733847
2025-10-14,0.0004454566789209302
2025-10-15,-0.006055721753689847
2025-10-16,-0.008690919352757787
2025-10-17,0.014461246704172037
2025-10-20,0.00409834043411661
2025-10-21,8.879690983976118e-05
2025-10-22,0.017744656326262875
2025-10-23,0.011071442802362386
2025-10-24,-0.005087154903604674
2025-10-27,0.004766461760116858
2025-10-28,-0.007848918527516457
2025-10-29,0.012344532965395505
2025-10-30,-0.01511366546258286
2025-10-31,-0.002877345562346534
2025-11-03,-0.005246522155066713
2025-11-04,0.0033403041564388225
2025-11-05,-0.004030050056320289
2025-11-06,0.007213223456232543
2025-11-07,0.023755350328676705
2025-11-10,0.008531035145421528
2025-11-11,0.013195684936667451
2025-11-12,-0.01385872320407533
2025-11-13,0.005672241286782231
2025-11-14,0.012992506437025764
2025-11-17,-0.01349655870681532
2025-11-18,0.011471750936518976
2025-11-19,-0.014114072796207577
2025-11-20,-0.002812120835141596
2025-11-21,0.0005127606026471554
2025-11-24,-0.009480681209980912
2025-11-25,-0.012589498743030503
2025-11-26,0.0022705543238479287
2025-11-28,0.01002002050289219
2025-12-01,0.006124933787519327
2025-12-02,-0.010717659116543987
2025-12-03,0.020974189690391887
2025-12-04,-0.005602756822066679
2025-12-05,-0.005121957224785589
2025-12-08,-0.004805299577161026
2025-12-09,0.019572353826043054
2025-12-10,0.010909092098001505
2025-12-11,0.0
2025-12-12,-0.006023090659561858
2025-12-15,-0.008920997001540143
2025-12-16,-0.02615494655067152
2025-12-17,0.02380544455603384
2025-12-18,-0.0074099358629659
2025-12-19,0.001287048508750832
2025-12-22,0.012511819059337626
2025-12-23,0.010749017598797206
2025-12-24,-0.0016748086913416227
2025-12-26,-0.0009226057941849053
2025-12-29,0.011921726355147655
2025-12-30,0.0038164696994500424
2025-12-31,-0.005372337046501641
2026-01-02,0.019195686318152383
2026-01-05,0.022095367401979038
2026-01-06,-0.034381009885611324
2026-01-07,-0.02114832148341028
2026-01-08,0.037302828957526124
2026-01-09,0.013831208350639113
2026-01-12,-0.0046545667374646715
2026-01-13,0.02023703229344309
2026-01-14,0.02892357479748653
2026-01-15,-0.008217996984016374
2026-01-16,0.005885480467530568
2026-01-20,0.004388446903649923
2026-01-21,0.02414533121193818
2026-01-22,0.0002245462112051566
2026-01-23,0.009951991457124665
2026-01-26,-0.0009632672853026047
2026-01-27,0.014758381549826671
2026-01-28,0.005481211167172262
2026-01-29,0.021296690027909237
2026-01-30,0.006334044404567862
2026-02-02,-0.021216352129170724
2026-02-03,0.03851159348080202
2026-02-04,0.026855818751763127
2026-02-05,-0.010231005223689915
2026-02-06,0.020331365797741086
2026-02-09,0.014491837868381152
2026-02-10,0.0025129582881242563
2026-02-11,0.026189084387423733
2026-02-12,-0.029767761278130633
2026-02-13,-0.009871235092451358
2026-02-17,-0.015223895115815345
2026-02-18,0.03071336442023953
2026-02-19,0.0019246787699103152
2026-02-20,-0.024441991405953267
2026-02-23,0.023628491290873965
2026-02-24,-0.00994966372170536
2026-02-25,-0.0013398578585576137
2026-02-26,-0.0034886340611473
2026-02-27,0.026659598092395154
2026-03-02,0.011278690083532883
2026-03-03,-0.015497333153763782
2026-03-04,-0.013238460348413805
2026-03-05,0.006274141468621597
2026-03-06,0.002984939876281789
2026-03-09,-0.005092304689750193
2026-03-10,-0.015354902720048136
2026-03-11,0.02329025727098477
2026-03-12,0.012864530415857
2026-03-13,0.016869575258289915
2026-03-16,0.007109961700376477
2026-03-17,0.010048992858355144
2026-03-18,-0.007682146137123036
2026-03-19,0.0036170120053331534
2026-03-20,0.009547273778944598
2026-03-23,0.009143907680765118
2026-03-24,0.026376193256980818
2026-03-25,-0.012818994405623618
2026-03-26,0.013291648141221524
2026-03-27,0.03360941870519185
2026-03-30,0.002807163374213051
2026-03-31,-0.010555741608490044
2026-04-01,-0.052339947978418455
2026-04-02,-0.0005598211782673612
2026-04-06,0.01667803857807426
2026-04-07,0.0033054882558405385
2026-04-08,-0.0469160615120342
2026-04-09,-0.007553437836438803
2026-04-10,-0.01631844232987434
2026-04-13,0.0008524794530593294
2026-04-14,-0.022274613211083927
2026-04-15,-0.0015411767067384785
2026-04-16,0.01993157920727917
2026-04-17,-0.036452191056455696
2026-04-20,0.008467550271490154
2026-04-21,0.004604650712823677
2026-04-22,0.007683974480842126
2026-04-23,0.0068896321963785034
2026-04-24,-0.010761917027958812
2026-04-27,-0.004835155130816782
2026-04-28,0.0159929614507357
2026-04-29,0.02729808106235354
2026-04-30,-0.002198226559964156
2026-05-01,-0.010237822397487384
2026-05-04,0.0061538941189072105
2026-05-05,0.00774285199079916
2026-05-06,-0.039966430551094834
2026-05-07,-0.014190627753102536
2026-05-08,-0.013712618052667547
2026-05-11,0.035346173729486674
2026-05-12,0.0063469281852877035
2026-05-13,0.006240504976167571
2026-05-14,0.007983012925278699
2026-05-15,0.0406589665169379
2026-05-18,0.016274109384609492
2026-05-19,0.012835675045705486
2026-05-20,-0.038572772406928246
2026-05-21,-0.006334818920508023
2026-05-22,-0.0023826075934316737
2026-05-26,-0.03298477066065375
2026-05-27,-0.012749507330859777
2026-05-28,-0.0063555593063451266
2026-05-29,-0.011567856078975258
2026-06-01,0.028363007929087303
2026-06-02,0.001204931516252561
2026-06-03,0.0198582593553438
2026-06-04,-0.0032125188296440177
2026-06-05,-0.013943667526989167
2026-06-08,0.012206522501370776
2026-06-09,-0.018714967630251267
2026-06-10,0.011483388711468034
2026-06-11,-0.026689610569593958
2026-06-12,0.002796646563785421
2026-06-15,-0.04142572998740868
2026-06-16,0.006670468731338586
2026-06-17,-0.007895073398905494
2026-06-18,-0.020818586188790733
2026-06-22,0.0047892291836719725
2026-06-23,0.009099404172226988
2026-06-24,-0.020253359461721687
2026-06-25,0.004748058321791815
2026-06-26,-0.007342855276018745
2026-06-29,-0.003515422228952292
2026-06-30,0.004850828119595807
2026-07-01,-0.0032182741184734187
2026-07-02,0.005943627574472865
2026-07-06,-0.004741366356756704
2026-07-07,0.03847845137832362
2026-07-08,-0.003952272912306043
2026-07-09,-0.02600437923879262
2026-07-10,0.010330264073834527
