Date,MU,NVDA,AAPL
2021-07-20,0.0108604338005025,-0.008932578887613785,0.025974143001194827
2021-07-21,0.023876192125787066,0.04287549284465797,-0.005131820478825655
2021-07-22,-0.021505285883700376,0.009479801115275466,0.009628732607506185
2021-07-23,0.005428160366183876,-0.0018375597924882303,0.011988763653149936
2021-07-26,0.004740610910648035,-0.013498223547116384,0.0028945621745526395
2021-07-27,-0.02726076906559849,-0.0044572106979405834,-0.014900061243923068
2021-07-28,0.017919324667849734,0.015358099573806294,-0.01219631468669824
2021-07-29,0.02025199551421597,0.008152842464378862,0.004552603386444254
2021-07-30,0.00648650272710416,-0.008290161997153711,0.0015104778991705814
2021-08-02,0.0007734163420483053,0.012872189484440133,-0.0023309322838360735
2021-08-03,0.04147342421938416,0.003291405800661895,0.01264466956367949
2021-08-04,0.013851124719919339,0.0231641021663469,-0.0027824763795449847
2021-08-05,-0.005977215005281478,0.01790465502149763,0.000748559446507091
2021-08-06,0.0062585605637139885,-0.013131819191878336,-0.004767099857776791
2021-08-09,-0.021829404198964175,-0.003486002001909183,-0.0003421534188549069
2021-08-10,-0.05360892861445199,-0.01768912108349585,-0.0033541227817146524
2021-08-11,-0.011593024334436208,-0.011888141696503318,0.001785710643378735
2021-08-12,-0.0637075499115155,0.010457476714013536,0.02077318660183103
2021-08-13,0.009537272868310742,0.014217622128348095,0.0014105234116861265
2021-08-16,0.00014109972396747494,-0.011789328700727797,0.013548201914293179
2021-08-17,-0.002114873607264256,-0.02466150499276054,-0.006154187319395321
2021-08-18,-0.002260624054273519,-0.021482362594628768,-0.025501019179049345
2021-08-19,-0.004814558030508231,0.03981098174775033,0.0023229110087250593
2021-08-20,-0.0007111440435173533,0.05141948410080177,0.010156803633886602
2021-08-23,0.02150067939860878,0.05486135387379987,0.010256984699220872
2021-08-24,0.0033453960261820015,-0.0075141432236299766,-0.0006007515345317627
2021-08-25,0.02861904351448974,0.019272159611116058,-0.00842153186779826
2021-08-26,-0.01715302334664226,-0.006527647312143836,-0.00552728739281616
2021-08-27,0.016902441510363797,0.02573852957305589,0.00718463365381683
2021-08-30,-0.011351029421855618,0.0022971410452885532,0.0304174086645721
2021-08-31,0.007380855546998966,-0.013181072483033685,-0.00842482489071239
2021-09-01,0.0002715547945133512,0.0025017537494675945,0.004478343178770272
2021-09-02,0.0036621289634857224,-0.0020053621287314805,0.007475142813394564
2021-09-03,-0.0024324053965286696,0.019959256778845136,0.004230385244302415
2021-09-07,-0.0023030793974617714,-0.007923843709244816,0.015489291111048242
2021-09-08,-0.01860411697033748,-0.014252929352703503,-0.010083530814906316
2021-09-09,0.00830188483152483,-0.007251821328814745,-0.006705006035684469
2021-09-10,0.008645717554615961,0.013572407385180174,-0.033101841706719703
2021-09-13,0.011564498692181235,-0.014503005305543604,0.0038935389685983424
2021-09-14,-0.01156666990777977,0.004063049221948667,-0.009561999249772857
2021-09-15,0.00449036946804271,0.004450975899738641,0.006143337650779124
2021-09-16,0.010972564455390188,-0.00443125250164822,-0.0016102578237470189
2021-09-17,-0.004421882779167885,-0.015376575670332904,-0.018348076429133053
2021-09-20,-0.025975731315414752,-0.0359359110603612,-0.02136104421783669
2021-09-21,-0.0031782174803258734,0.006299327214342565,0.003428257497994247
2021-09-22,0.02536744175251493,0.03271184437784913,0.016872288510641154
2021-09-23,0.0009464436438715307,0.02465730605096761,0.006719283802237186
2021-09-24,0.00013494252737533685,-0.017836767889647054,0.0006127477071993237
2021-09-27,0.015259972328363736,-0.019065632601983018,-0.010549913889109974
2021-09-28,-0.02766678801131528,-0.04436760956178465,-0.023801377669471102
2021-09-29,-0.019972613073286682,-0.008792760923601817,0.006482994846449319
2021-09-30,-0.007827631778258515,0.009699084933914026,-0.00931182657787255
2021-10-01,0.0001405634845565995,0.0012551706045473843,0.00812725235375944
2021-10-04,-0.0052121142751487826,-0.048693317814364256,-0.024605739483774758
2021-10-05,-0.0016991227357845418,0.03643817514402259,0.014158651215949725
2021-10-06,-0.007943104524402278,0.012175568019133332,0.0063070716097815005
2021-10-07,0.008578769514340667,0.018115859632502396,0.009084132493801134
2021-10-08,-0.005954115530243276,-0.01157771573923938,-0.002721421177888428
2021-10-11,-0.012835177833727118,-0.006528829793312818,-0.0006298181829318406
2021-10-12,-0.03611643647367624,-0.0011597234750242436,-0.009103094894655661
2021-10-13,-0.005096012491425217,0.012965065605268666,-0.004239847341195424
2021-10-14,0.021391697367027174,0.038540488596624733,0.02022560825521258
2021-10-15,-0.0017697940249227218,0.005334449854279333,0.007512388634932643
2021-10-18,-0.006205722882386633,0.01646672923984105,0.011806266379681185
2021-10-19,0.004609157842195399,0.0030601203949325306,0.015080253634955465
2021-10-20,0.010359360853613664,-0.008389228470681687,0.0033611681217649014
2021-10-21,0.005419660009233329,0.026647747893758345,0.0014737335504819704
2021-10-22,-0.01646261695168061,0.0014983692753343103,-0.005285001844030801
2021-10-25,0.018515798840583964,0.019361075743308476,-0.0003362856176034601
2021-10-26,0.0026176270370636967,0.06695159601600054,0.00457477053588673
2021-10-27,-0.010153612588562066,-0.010761947026253882,-0.0031474758014506943
2021-10-28,0.01963645514744794,0.02004018022403553,0.02499185129367021
2021-10-29,-0.006898525669767008,0.025099259661186535,-0.018155961987837088
2021-11-01,0.023154970441197076,0.010169510807991555,-0.005607401937506529
2021-11-02,0.0008488209169099648,0.02222466071559026,0.00711624874698602
2021-11-03,0.0069247046166023285,0.007461775127788339,0.009798559863319234
2021-11-04,0.013894744829687111,0.12042265148950726,-0.0034985973831300754
2021-11-05,0.009413126420120932,-0.0016442994973993041,0.003582324081153221
2021-11-08,0.022490010356614354,0.03535892057868795,-0.005552704575688572
2021-11-09,0.013814528638533385,-0.004772280332596801,0.0024593427739727503
2021-11-10,-0.028839568607516686,-0.03907733303205296,-0.019162927366625837
2021-11-11,0.015529143512019505,0.03160321923266496,-0.00033817655622947473
2021-11-12,0.036887934677259704,0.0,0.014336992469885956
2021-11-15,-0.006726759033892971,-0.012010459548777552,6.670188720558912e-05
2021-11-16,0.0003902427706889977,0.005928266421197703,0.006666726323241834
2021-11-17,-0.017575333501982593,-0.03118897612402083,0.016490337878379835
2021-11-18,0.02067317045594197,0.08249882855966639,0.028535800620957064
2021-11-19,0.07803146176470643,0.041357813429334866,0.016976017022187095
2021-11-22,0.009996270876808877,-0.031196253191522638,0.00292732966328324
2021-11-23,0.018483434179027203,-0.006571398219498259,0.0024220141868169787
2021-11-24,0.00936644838880385,0.029232048994550786,0.003283628936972649
2021-11-26,-0.03236290300581546,-0.03583872322710968,-0.03167846763043747
2021-11-29,0.03260601518449002,0.059454456150291435,0.02187374930115138
2021-11-30,-0.024843322797485357,-0.020973208907498986,0.03157749863002968
2021-12-01,0.013690606905407687,-0.037861117787307164,-0.0032062609569910583
2021-12-02,-0.026658885782958275,0.021982165659682584,-0.0061297443450170075
2021-12-03,-0.015202730250850283,-0.04460580010837245,-0.011724644647014504
2021-12-06,0.010168959688965584,-0.021372961386661005,0.02150261795656272
2021-12-07,0.04099460576096203,0.07956838530387023,0.03544653950295129
2021-12-08,0.0022136376024550763,-0.018533715736779977,0.02278334297083373
2021-12-09,-0.012671373721872436,-0.041978435615712684,-0.0029701040842430304
2021-12-10,0.007182476068378962,-0.009576912092531753,0.02801316328889092
2021-12-13,-0.01391159383516638,-0.06745483900011584,-0.02067443199084873
2021-12-14,-0.012566746250872507,0.00624983990666661,-0.00802336822314198
2021-12-15,0.02845501686609553,0.07488432448374938,0.028509514482164322
2021-12-16,-0.03467215649926669,-0.06802577247962116,-0.039263993158671906
2021-12-17,0.0037491809296323897,-0.02064337149656781,-0.006501630458911389
2021-12-20,-0.011687113027230134,-0.0029493812968316435,-0.008122014994419113
2021-12-21,0.10544958367657475,0.04891946716543205,0.019087151427161997
2021-12-22,-0.0037496008633930433,0.011177988358261004,0.015318563210726888
2021-12-23,0.04516274325999192,0.008163274603373516,0.003643721458448379
2021-12-27,0.00010575101841214796,0.04402839385401469,0.02297479426409743
2021-12-28,-0.015778816091120973,-0.02013262845483199,-0.005767097441980007
2021-12-29,0.03475372031634327,-0.010586219375487316,0.0005019505645724731
2021-12-30,-0.023707983507320174,-0.01383291481795712,-0.006578204922616515
2021-12-31,-0.006823994531151456,-0.0059149946038010714,-0.0035352336575474874
2022-01-03,0.027912091594994637,0.024140679555904043,0.025004071816202345
2022-01-04,0.00616182294428258,-0.027588707071442342,-0.012691380443165867
2022-01-05,-0.020137023367045037,-0.05756244628638185,-0.026600001493903958
2022-01-06,0.01324157766592382,0.020794048992477165,-0.01669346491541157
2022-01-07,-0.01254557963985381,-0.03303983109503106,0.00098837462011514
2022-01-10,-0.0059292398105394994,0.005615406092910558,0.00011612722503517858
2022-01-11,0.003301838093308085,0.015218935028592062,0.01678401013171693
2022-01-12,0.009660151087596658,0.006542835587808993,0.002570102372624339
2022-01-13,0.005362176913352057,-0.05085909117094689,-0.019028155260556345
2022-01-14,0.018197093332991576,0.013809917952785522,0.005110545538794087
2022-01-18,-0.04611733742186408,-0.03856434287537225,-0.01889406544537775
2022-01-19,-0.030903642296922773,-0.0322740745714446,-0.0210244231239608
2022-01-20,-0.05477773752105741,-0.03658225771721302,-0.010347282724479934
2022-01-21,-0.036910518415167015,-0.03213233358256051,-0.012765096308181678
2022-01-24,0.01244937630232723,-8.554274415395469e-05,-0.004864170805192081
2022-01-25,-0.02688365582944008,-0.04484010324951049,-0.011384767877822832
2022-01-26,0.015485787017395003,0.020068147466282937,-0.0005634367453362099
2022-01-27,-0.039648744824891335,-0.03636041445913474,-0.0029431927537623137
2022-01-28,0.006986732445921406,0.040831411007168805,0.0697776252480935
2022-01-31,0.037845448288966965,0.07206617324964171,0.02612572120792267
2022-02-01,-0.009967066105714073,0.006207801107813493,-0.0009724752880545529
2022-02-02,0.03756899639825484,0.024515001015785742,0.007044303121976014
2022-02-03,-0.030055621823318557,-0.05126405724022476,-0.016720182458152322
2022-02-04,-0.009759701287614497,0.015492119952652983,-0.001679037835492725
2022-02-07,-0.0036958031956193516,0.01681832408261652,-0.004234584267738595
2022-02-08,0.04018785265560654,0.015367113938219434,0.01846664406172649
2022-02-09,0.04755109270103208,0.06360521210805858,0.008293728890645502
2022-02-10,0.03290948178703701,-0.032990067578184235,-0.023598597295202972
2022-02-11,-0.01384288451692417,-0.07260708197397625,-0.02021861729186214
2022-02-14,0.001113922703450676,0.01327833556463176,0.0014232892567820343
2022-02-15,0.06832844506010227,0.09181208703515598,0.023152482924127638
2022-02-16,0.0006251058915884844,0.0006039459341649067,-0.0013889247236359425
2022-02-17,-0.024255515008321793,-0.07559137156458218,-0.021269191805401544
2022-02-18,-0.03126008579230988,-0.03529604287482213,-0.009355639652944392
2022-02-22,-0.002533081555169403,-0.010659036909621555,-0.017812484364286507
2022-02-23,-0.03599414748365326,-0.042881670929561855,-0.025864144512727116
2022-02-24,0.017408958562545207,0.06079414741761102,0.016680105406463364
2022-02-25,0.014296890183449928,0.01722286906444359,0.012965578411328282
2022-02-28,-0.013762307094080106,0.009438001758685033,0.0016374690592859675
2022-03-01,-0.029259282062830683,-0.0372360626152457,-0.011627443739058552
2022-03-02,0.08161368396766289,0.031823940531110706,0.020587954650107987
2022-03-03,-0.044158735886859146,-0.02089171902076259,-0.0019811579886693798
2022-03-04,-0.08152044684265491,-0.0328076363805041,-0.01840839025070906
2022-03-07,-0.07581511980334232,-0.06906173566907137,-0.023717364931266083
2022-03-08,0.019286934990852878,0.007587056140506254,-0.011676099521470085
2022-03-09,0.02954903017099686,0.06972204247813463,0.03499737626360133
2022-03-10,-0.04682795083565727,-0.015469056732759112,-0.027186196648286032
2022-03-11,-0.03829898464997905,-0.02462697536956293,-0.0239086261272069
2022-03-14,-0.04696524357620069,-0.03484171861689522,-0.026562604520862232
2022-03-15,0.053458326623260444,0.0770277844072278,0.029677474372530543
2022-03-16,0.08972762203119933,0.0662953322635984,0.02901548665228315
2022-03-17,0.01066900496777956,0.011022128131741749,0.006453880225164577
2022-03-18,-0.013785258929774336,0.06811737307554844,0.02091895053057513
2022-03-21,-0.01334854234570182,0.01062283319377011,0.008537734086856208
2022-03-22,0.009827617739558203,-0.007855419521020757,0.020800573676321266
2022-03-23,-0.04385741666346077,-0.03355415664727468,0.008233588639123157
2022-03-24,0.03384052562157569,0.09815061824049587,0.022678058461693684
2022-03-25,-0.0014068571362424453,-0.016269815003111865,0.0037340545090647215
2022-03-28,0.022535430836169823,0.019030656852818906,0.005036557486683524
2022-03-29,0.027422791763516585,0.015486072181968735,0.019134582104501252
2022-03-30,-0.03522254078241005,-0.0337101994861555,-0.006649708283169242
2022-03-31,-0.016043464050515488,-0.014590153763758273,-0.017775909478441987
2022-04-01,-0.02195380079503706,-0.02103645070146032,-0.0017180598216913756
2022-04-04,0.019558715127783843,0.024258802962532133,0.02369351184331303
2022-04-05,-0.03939709340813713,-0.05222943546475545,-0.018942207559464075
2022-04-06,-0.011124773854286563,-0.058771544384841,-0.018450452946879414
2022-04-07,-0.00677699420710598,-0.00815320628638716,0.0018040053345433904
2022-04-08,-0.014211372356934926,-0.04498531746618162,-0.01190893709078078
2022-04-11,-0.0015246644619966165,-0.05199182450827078,-0.02551600252318098
2022-04-12,-0.0009720078405530685,-0.018843749585391034,0.011523433863101618
2022-04-13,0.0058367465594073575,0.032505540803112076,0.01634263327287866
2022-04-14,-0.031085969990527262,-0.04256181499289513,-0.029988263286590766
2022-04-18,0.014544364596343229,0.024696754207212512,-0.0013308570891292781
2022-04-19,0.022206783880487135,0.019051439765596978,0.014115100493588884
2022-04-20,0.006462192391626376,-0.032255089877847753,-0.0010156388076640877
2022-04-21,-0.031147670150908024,-0.06046922309692582,-0.004843613720058038
2022-04-22,-0.021291691636599275,-0.03309706877959129,-0.027821363888070882
2022-04-25,0.01022925285367382,0.019830802845878237,0.006737444405413129
2022-04-26,-0.04335454311528697,-0.055974488077957574,-0.03732804598143358
2022-04-27,-0.009093380769851889,-0.019852918865277513,-0.0014668393404819735
2022-04-28,0.055814581218567305,0.07423281469279197,0.04515571437218835
2022-04-29,-0.02835557373939568,-0.06243044383265761,-0.03660484604221148
2022-05-02,0.03534240277956058,0.05316256898660554,0.0019662684987789003
2022-05-03,0.009348415030767665,0.003532081819641153,0.00962257803579214
2022-05-04,0.03311815725863787,0.037343191164413314,0.04100833459665454
2022-05-05,-0.03164891184302354,-0.07327632071512302,-0.055716131901115906
2022-05-06,-0.013185557711755558,-0.008968404548637232,0.004727199183702568
2022-05-09,-0.03439951385669071,-0.09236935901656906,-0.03318914243527249
2022-05-10,0.014426577478444003,0.03805329560659154,0.01611170509233273
2022-05-11,-0.028297596293432203,-0.054845382345921956,-0.051841020601519405
2022-05-12,0.011200767483273921,-0.0273601588048773,-0.026894359751319707
2022-05-13,0.06217676699367192,0.09465242956552089,0.03191631183171273
2022-05-16,-0.020161405248027675,-0.024963515842179262,-0.01067210734469315
2022-05-17,0.0569036911853511,0.052884753898899906,0.025422633964207852
2022-05-18,-0.046052668067317004,-0.06816322320790502,-0.05641919375226845
2022-05-19,-0.023223126570597774,0.010981562878680684,-0.02464130756526406
2022-05-20,-0.007204533113663092,-0.02511093253713126,0.0017475741798267386
2022-05-23,0.01001447494282881,0.012219945730129522,0.04011888249459572
2022-05-24,-0.0426786496880317,-0.044028970822566404,-0.01921605692228545
2022-05-25,0.01876322524843599,0.05082343729053451,0.001139991385745942
2022-05-26,0.04022404352068576,0.051605185233186246,0.023199546472199684
2022-05-27,0.038526774576020495,0.05377839592025957,0.04075677671103195
2022-05-31,0.007092543119082029,-0.0073893028352085555,-0.005346262499845267
2022-06-01,-0.003927622395152985,-0.01885170176978479,-0.0008735235564298893
2022-06-02,0.024745051641381632,0.06943226744246767,0.016811582249571577
2022-06-03,-0.07204463762846514,-0.04450795884524594,-0.038555848479729704
2022-06-06,0.0072922177080858575,0.0035253432909947424,0.005227443860785996
2022-06-07,0.004400055935539493,0.0074527030598088295,0.017585984551633738
2022-06-08,-0.030525684819096233,-0.014480681104186433,-0.005043506075108506
2022-06-09,-0.03760924276038946,-0.03217515176895491,-0.035955632523105185
2022-06-10,-0.05149971235773276,-0.059507744154130626,-0.03862837693030585
2022-06-13,-0.06036400170368306,-0.07817833675469821,-0.038284818171148594
2022-06-14,-0.0023793369832616484,0.012078981056000249,0.006672524624371734
2022-06-15,0.007155035189628123,0.04363481569877714,0.020111169211216806
2022-06-16,-0.06951969052760887,-0.05602968850882639,-0.03965124197279013
2022-06-17,0.013452169210989018,0.017883547300763913,0.011532904186150716
2022-06-21,0.018834001161344816,0.04319925594777474,0.03276089350020972
2022-06-22,-0.00809851484689983,-0.012435184465723448,-0.0038269498330020246
2022-06-23,-0.0021300073658662155,-0.008251958296886741,0.021573554588057542
2022-06-24,0.0394877236805522,0.055531743286767465,0.024517363238611756
2022-06-27,0.005818112709304435,-0.015006646676566815,0.0
2022-06-28,-0.015651696450171615,-0.05258155353543781,-0.029789807488803888
2022-06-29,-0.03180093254860539,-0.027531084650465165,0.013024104610503295
2022-06-30,-0.013209566645463355,-0.024642797545239015,-0.018027918343345384
2022-07-01,-0.029486177270530045,-0.04195520926063301,0.016164499123666465
2022-07-05,0.05740906395059775,0.030365506828189393,0.018930419214541416
2022-07-06,0.01128141661954829,0.011093373041613841,0.009607015420396214
2022-07-07,0.025797454476538695,0.04811620075629697,0.023999570467740483
2022-07-08,0.006895429190636904,-0.0012612257626076762,0.004714623756985725
2022-07-11,-0.02248886220837576,-0.04331351391464244,-0.014757733220307157
2022-07-12,0.023698278028335906,-0.004619845599946881,0.006833836823598727
2022-07-13,-0.0054073667477143594,0.00543699672541198,-0.002536771014477912
2022-07-14,0.008325003550083476,0.013716698772150426,0.02048261318153588
2022-07-15,0.036731115762951294,0.025370713169676762,0.011449941925750329
2022-07-18,-0.01755241758670345,0.021507234361871852,-0.020643317259315785
2022-07-19,0.03225819734863378,0.055338274697595224,0.026721971605841333
2022-07-20,0.014422995414500095,0.04796401095177916,0.01351009236803069
2022-07-21,0.005371301393123362,0.013646074445631928,0.015093992670654588
2022-07-22,-0.03692654227235548,-0.04049835984138084,-0.00811078301002821
2022-07-25,-0.018599939853624403,-0.0170335613250836,-0.007398194270884395
2022-07-26,-0.00814633134781162,-0.028841559384713666,-0.008826361197959876
2022-07-27,0.03737837402456212,0.07602959490655725,0.034234791253689334
2022-07-28,0.002908344508517846,0.010905082849536729,0.003571662927860153
2022-07-29,-0.0033831558927356342,0.009953321868529263,0.0327931399225474
2022-08-01,0.010992546453181928,0.015305891423987417,-0.006153533471230044
2022-08-02,-0.0011192434941367235,0.004609388021336924,-0.009287402660320021
2022-08-03,0.028493711777658248,0.019809893982791094,0.0382478647236284
2022-08-04,0.009338488282986335,0.017043315368402867,-0.0019264064214421506
2022-08-05,-0.036854274564708356,-0.011761442170462377,-0.0013889462557779009
2022-08-08,-0.01617045299648301,-0.06298418546147044,-0.0029031149427837244
2022-08-09,-0.037428728921378496,-0.039734480712153464,0.00030357308347572776
2022-08-10,0.03803889936691918,0.05917117569726549,0.02619455334624976
2022-08-11,0.014983745295903628,-0.008564887059727022,-0.004431790117532364
2022-08-12,0.04364569088228398,0.04274868954789457,0.021425757089758246
2022-08-15,-0.005227842798739446,0.017264606952582806,0.006333277638037815
2022-08-16,-0.012982776096346016,-0.008039093829693478,-0.0009237791965786002
2022-08-17,-0.03507675104353225,-0.028815182009658935,0.00878469059412601
2022-08-18,0.02207072240418051,0.02388880439247809,-0.0022917653441018038
2022-08-19,-0.03921875349307813,-0.049219634548790525,-0.015101702199252331
2022-08-22,-0.03635760835533386,-0.04566074460347014,-0.023029433607299032
2022-08-23,-0.00771742923027352,0.00862957847392054,-0.002029180084538007
2022-08-24,0.007777451159186377,0.0023865471678705674,0.0017940607498974082
2022-08-25,0.04956270457941048,0.04012287476302956,0.01492280436272142
2022-08-26,-0.05833339953359007,-0.0922791869110341,-0.03769923598874669
2022-08-29,-0.01075837249726741,-0.028228789384614483,-0.013690386168960456
2022-08-30,-0.01245364667741633,-0.021074549779400154,-0.015305508679003266
2022-08-31,0.004085110228132738,-0.02417890663496236,-0.010634747458860283
2022-09-01,0.01379796943592737,-0.07665311930156449,0.004706749105299446
2022-09-02,-0.01710004730256609,-0.02080791198132126,-0.013611192975706121
2022-09-06,-0.019527773393315573,-0.013336161585413175,-0.008215183334759901
2022-09-07,-0.0041643245539375595,0.018794903716885303,0.00925378292722856
2022-09-08,0.007090795790512194,0.02012531667798223,-0.009617620334368748
2022-09-09,0.03701022920764352,0.028377587051568343,0.018839882583445933
2022-09-12,0.008704830437411104,0.008201910520782674,0.03850763006560243
2022-09-13,-0.07455990196086326,-0.09472617771929004,-0.058679384768845155
2022-09-14,-0.009511325676785698,-0.000228179365290182,0.009555255072023705
2022-09-15,-0.007908124388368298,-0.015158529458350722,-0.01892973275594867
2022-09-16,0.0030365204027287263,0.020805821086709253,-0.010960124894826007
2022-09-19,-0.014191040902263752,0.013941652998201937,0.025083008710963917
2022-09-20,-0.024952017074530874,-0.015393980890959669,0.01566535262614077
2022-09-21,-0.013779493196157011,0.006451297388404109,-0.020267681158616324
2022-09-22,-0.008782430667023111,-0.05278632291311469,-0.006375243802593467
2022-09-23,0.008860245155796864,-0.0035827251636055824,-0.015123829047081538
2022-09-26,-0.024351355606461844,-0.02301029749769512,0.0022601786568210436
2022-09-27,0.034779158110866515,0.015129054931514618,0.0065661704744497396
2022-09-28,0.008303609842221116,0.026021205664445324,-0.012651429125090763
2022-09-29,-0.01941160275979459,-0.040515179464644224,-0.049118997248766005
2022-09-30,0.0017994974970512168,-0.006628503386032936,-0.03003906931402278
2022-10-03,0.032335411715642026,0.030727574082307196,0.030752290895185386
2022-10-04,0.0433100034667675,0.05234956292523418,0.025623052356136933
2022-10-05,0.014269822864454884,0.0031896974732050776,0.0020534236991542887
2022-10-06,-0.0020098656960299,-0.005980647920051041,-0.006625631388537223
2022-10-07,-0.029263339363490237,-0.08027405449270464,-0.036718816799767406
2022-10-10,-0.028917022456361297,-0.03362060912178477,0.00235576932145265
2022-10-11,0.045348426486371496,-0.007197647048799993,-0.010255037663829736
2022-10-12,-0.017873865129483413,-0.007422948650972705,-0.004605006735556305
2022-10-13,0.04000007063432398,0.03999987696208063,0.03361291569383984
2022-10-14,-0.03900841131360311,-0.06128739149748086,-0.03223991805499982
2022-10-17,0.014795120837593156,0.058875814722658015,0.029122445804697472
2022-10-18,-0.01775692968083764,0.006645379919698602,0.009409491897260702
2022-10-19,0.009134023708386563,0.007019172764833215,0.0007653352234238131
2022-10-20,0.01263438585849297,0.011866342227794702,-0.003266988377378488
2022-10-21,0.043761823864665095,0.022306008165601243,0.027059072467262135
2022-10-24,0.003389703988794901,0.010669109959850376,0.014802582625852656
2022-10-25,-0.006578938741979012,0.05254383534690121,0.01933780609109892
2022-10-26,-0.007517401875651308,-0.027524387579943133,-0.019627319179502223
2022-10-27,-0.05843098241753031,0.021712053631828265,-0.030465581830282806
2022-10-28,0.035050634864892904,0.04993941682407743,0.07555272308745598
2022-10-31,0.001110353239563322,-0.024360237614872826,-0.015410466206349782
2022-11-01,0.014048038171005084,0.0034082178879446534,-0.017542653923706908
2022-11-02,-0.025701864876207403,-0.023923746261936718,-0.03730493234215315
2022-11-03,0.0005613774900914414,0.015280837442485096,-0.04240495102932984
2022-11-04,0.05011215081732168,0.05476485285165156,-0.001947191033117024
2022-11-07,0.007122598579834216,0.010243167681539767,0.0039019799666364374
2022-11-08,0.01644264056393907,0.021047472783739973,0.004175230554761322
2022-11-09,-0.026439274240305233,-0.05656755832701632,-0.03319010271535261
2022-11-10,0.07682684284407348,0.1432925508998526,0.08897477014159749
2022-11-11,0.03733198254145287,0.0366348873593092,0.01926856579195113
2022-11-14,-0.011836320028357883,-0.001959740186279535,-0.009485635338956855
2022-11-15,0.021366186780130247,0.02276772078605016,0.011869499241274672
2022-11-16,-0.06703647019877568,-0.045362000774880507,-0.008331127812736927
2022-11-17,-0.0022082080280433347,-0.014644746577537449,0.012971448941352381
2022-11-18,-0.0027237838202497366,-0.01709506840728936,0.0037816307466655985
2022-11-21,-0.024240325369546234,-0.005970567264383053,-0.02168035578545746
2022-11-22,0.025542097697939692,0.04707198832956028,0.01466141209060634
2022-11-23,0.005288296300847595,0.0299911972759781,0.005926467210329189
2022-11-25,-0.008823971263904884,-0.015073438216022805,-0.019593855225988444
2022-11-28,-0.04554011496112642,-0.027228211184782802,-0.02626421689038083
2022-11-29,-0.011300478513002088,-0.011878499894652728,-0.021148252099637777
2022-11-30,0.04589994156358501,0.08237918031991165,0.04859400289052296
2022-12-01,-0.037467564306373546,0.012527372528678304,0.0018913157034867734
2022-12-02,-0.014597094290223489,-0.015114979132075934,-0.003371407364299639
2022-12-05,-0.011704597173446851,-0.015762544643514564,-0.00798281528881617
2022-12-06,-0.006661760332192235,-0.037507161259479394,-0.02537026256160191
2022-12-07,0.0026081030215152623,0.008319174097027426,-0.01378486977228266
2022-12-08,0.025641073717437957,0.06507446828064523,0.012132790839168184
2022-12-09,-0.0059783971367930455,-0.009785177247920829,-0.003434794385538953
2022-12-12,0.008748034549905359,0.03141002273755067,0.01638992633538594
2022-12-13,-0.0019871648740996672,0.03062452360229062,0.006782322273074515
2022-12-14,-0.01176707243230768,-0.02202322907718668,-0.015535686112533753
2022-12-15,-0.046711796948569195,-0.04085078924618213,-0.04685430217800213
2022-12-16,0.0005765131381600952,-0.02247535133523515,-0.014578853029277639
2022-12-19,-0.0067217136888968465,-0.019129942457439486,-0.015909544503831863
2022-12-20,-0.02010836766662072,-0.01039718062652173,-0.0005289427335085639
2022-12-21,0.01006319064631711,0.025862573022966684,0.02380962434574374
2022-12-22,-0.03438171714866489,-0.0704200347169448,-0.023772481281876146
2022-12-23,0.015577678628845737,-0.008670558590497923,-0.002798079097517059
2022-12-27,-0.0035857108440963126,-0.07135349403851765,-0.013878545807168186
2022-12-28,-0.017993072174496416,-0.00601937957159393,-0.030685205400034055
2022-12-29,0.03114852517192057,0.040396091761335295,0.028324288999507452
2022-12-30,-0.010982555711050779,0.0007532853392373529,0.0024687025695604436
2023-01-03,0.007802902298458925,-0.02046002083987908,-0.03740453297256974
2023-01-04,0.07603752496839111,0.030318117999471594,0.010314406259712472
2023-01-05,0.009409495230950693,-0.03281587172864053,-0.0106046634091157
2023-01-06,0.037653275010263165,0.04164042953012226,0.03679398960401792
2023-01-09,-0.007222220365339482,0.05175313040162499,0.004089066123788232
2023-01-10,0.015081665933091681,0.017980510451619525,0.004456154932475087
2023-01-11,0.014857588743097061,0.00578276316865356,0.021112493053031534
2023-01-12,-0.013606677649350085,0.03187312347650084,-0.0005996000418952985
2023-01-13,-0.005936728136595626,0.023499515532988458,0.01011929056791816
2023-01-17,-0.001405231619024172,0.04751784441704476,0.008756320788425809
2023-01-18,-0.005980723708302049,-0.01835984558719672,-0.0053700319955416465
2023-01-19,-0.002654417896763017,-0.035218984345272375,0.0004436925873727571
2023-01-20,0.03726048133973392,0.06406227908143491,0.019220828563975223
2023-01-23,0.05747521593281246,0.07590099012659501,0.023500515945693357
2023-01-24,-0.009058601725327464,0.0037512636511674025,0.010062957403405681
2023-01-25,0.004570768271884518,0.0030107122296121336,-0.004700729682240223
2023-01-26,0.020474367932278748,0.02478919420724779,0.014803461163639842
2023-01-27,0.017038237945962376,0.028431400373822413,0.013684109201668404
2023-01-30,-0.03381875012466906,-0.05907192719581156,-0.020077923790362884
2023-01-31,-0.02284858569970416,0.019570071546337164,0.009020920331372695
2023-02-01,0.03814252395716,0.07196604485227742,0.007900842039513245
2023-02-02,0.009105513525551112,0.03657544240637001,0.037062515251805817
2023-02-03,-0.012031278074029372,-0.028053098942591226,0.024399782492050548
2023-02-06,-0.03893592656331668,-0.0005212019008241642,-0.017928692808625968
2023-02-07,0.035845363931679586,0.051401189754061605,0.019244664484245888
2023-02-08,-0.030259352073869872,0.0014433674412446251,-0.017652923470384052
2023-02-09,-0.001161654874226481,0.00594438398189534,-0.006911289389278097
2023-02-10,-0.005982138329878817,-0.04799189665843284,0.0024561818899373478
2023-02-13,0.005015019293689527,0.024594157566142805,0.01880685434360796
2023-02-14,0.03243531770272812,0.05429598187729967,-0.0042251518291199774
2023-02-15,-0.003705634252270995,-0.009011362337037476,0.01390343287521878
2023-02-16,-0.028945539598826175,-0.03347393120050823,-0.010429519819349475
2023-02-17,-0.01731912298253313,-0.027906370991907847,-0.007546561202030788
2023-02-21,-0.02389421931364799,-0.03427172199733086,-0.02667992730618174
2023-02-22,-0.010763851819502235,0.004793173335070788,0.00289617120823471
2023-02-23,0.03106351390042983,0.14021387222009873,0.0032904816699548256
2023-02-24,-0.009702084476651662,-0.015973591281213007,-0.01800510766279051
2023-02-27,-0.004812474628579588,0.00923293215681742,0.008247328610928362
2023-02-28,-0.0013818234009497221,-0.012127078507968347,-0.003447941756735573
2023-03-01,-0.008301609194416915,-0.022312273850267017,-0.014245625733529055
2023-03-02,-0.015870207318410712,0.027139007765347722,0.004129166512944815
2023-03-03,0.006202353329986421,0.02470599125904549,0.03509009272569319
2023-03-06,0.0008805984959852076,-0.014064127704577656,0.01853906493089208
2023-03-07,-0.022347399951225366,-0.01112532902310659,-0.014496252627592465
2023-03-08,0.023938046115252964,0.03834588193969113,0.008377138756140212
2023-03-09,-0.022675336733110174,-0.030809249240229653,-0.014914661294592513
2023-03-10,-0.012050397153983594,-0.02009736376999094,-0.01387864139553352
2023-03-13,-0.018750987397755603,4.344344749229734e-05,0.013266084394357947
2023-03-14,0.006864486964968108,0.04776632568370731,0.014089162509025366
2023-03-15,-0.0025797425066771407,0.006856969478423958,0.0026212746980127655
2023-03-16,0.04507668711985602,0.05419360640684601,0.01869410173730679
2023-03-17,0.0015910573854005516,0.0072039931089507014,-0.005454203460817486
2023-03-20,0.017296065471791522,0.006802830257928605,0.015484112940260086
2023-03-21,0.017175597263766162,0.01154424357417505,0.011943947169628544
2023-03-22,-0.007845846519549116,0.01026759057595017,-0.009103274628291746
2023-03-23,0.05449561151680182,0.02731600093584552,0.00696905842120743
2023-03-24,-0.002934662565571622,-0.015151977363165314,0.008305772051422133
2023-03-27,-0.022400257923407607,-0.009260974161955593,-0.01229328176429989
2023-03-28,-0.008529635590558304,-0.004560633780271828,-0.003980129794970311
2023-03-29,0.07186214427261661,0.021733963926723332,0.019790587308671448
2023-03-30,-0.007082146672904965,0.014786642526096072,0.009889841206845995
2023-03-31,-0.043588492089115305,0.014388593653657855,0.015644220314077195
2023-04-03,-0.012098126553306554,0.006768029075236104,0.007701859152071
2023-04-04,-0.039255161636340574,-0.018308545587208958,-0.003249780600414476
2023-04-05,-0.004365320825724495,-0.020835562605373226,-0.011290126887405827
2023-04-06,0.029083451507535107,0.005803322670812294,0.005495979300571996
2023-04-10,0.08043053190142113,0.02004658511326407,-0.015972589006639448
2023-04-11,0.004741524403730324,-0.014866388370899708,-0.007591376314316833
2023-04-12,-0.02532644723206967,-0.024807646230299407,-0.0043529970745230795
2023-04-13,0.016785192719757314,-0.0012078570146598633,0.034103777223198684
2023-04-14,-0.00587306674845689,0.011147693340605835,-0.0021139215415793
2023-04-17,-0.0014369868493613325,0.00911860160585154,0.0001207941729191031
2023-04-18,-0.009753909155034268,0.024628048105035383,0.007504838216310539
2023-04-19,-0.020668456827984794,0.009541940963993856,0.006968205578399056
2023-04-20,0.01335541255912287,-0.02960872259792613,-0.0058463143337437184
2023-04-21,-0.005369297502971659,0.0005534790981076565,-0.009780858562277062
2023-04-24,-0.026501021558106408,-0.0028393015376008135,0.0018785968961838595
2023-04-25,-0.023021337830133826,-0.02962053369177209,-0.009435725190267363
2023-04-26,0.04953570455255485,0.027247409843439874,-6.102276423469721e-05
2023-04-27,0.014421391897035507,0.010016328967361154,0.028394915367614626
2023-04-28,0.03974149848691133,0.019209566166127567,0.007541245556748288
2023-05-01,-0.03123055622307136,0.04183934364827535,-0.0005304412460301888
2023-05-02,-0.007217324703187811,-0.0242131976775819,-0.006191247852646686
2023-05-03,-0.015993582413745933,-0.014462787940199062,-0.006467368746199242
2023-05-04,-0.006567005882343935,-0.00863257669761841,-0.009913544828581644
2023-05-05,0.011898788067949972,0.04056317951586319,0.04692708432630588
2023-05-08,-0.005879498988472953,0.016422525382199016,-0.0004033091344877171
2023-05-09,0.0009857331537943548,-0.019896441338886572,-0.009971148815120623
2023-05-10,-0.01542739520820402,0.010990276116547237,0.010420658132776817
2023-05-11,0.027004626101115647,-0.010628363525008844,0.0010948360678495472
2023-05-12,-0.011199708948576692,-0.008328214876731743,-0.005417631499933906
2023-05-15,0.061063705288596726,0.02163024196890495,-0.0028974675222904756
2023-05-16,-0.01407782108099731,0.008980219198728712,0.0
2023-05-17,0.018672263332761396,0.03303304108836924,0.003603494402237617
2023-05-18,0.040819492472329744,0.049705169205104704,0.013666045871022048
2023-05-19,0.008879685003846838,-0.013069019501654955,0.0006282775084429648
2023-05-22,-0.028458144884878744,-0.002814807904521599,-0.005480726252541812
2023-05-23,-0.0033218055105280753,-0.015652904568754233,-0.015154991302154364
2023-05-24,0.00787764464537255,-0.004888017599454231,0.0016323181497110983
2023-05-25,0.04629499254616354,0.24369656807083118,0.006692141759989223
2023-05-26,0.06206000151674318,0.025434175496314104,0.014104855901442725
2023-05-30,-0.030299025829425008,0.02991337141659156,0.010659522804268295
2023-05-31,-0.04868171718966441,-0.05676759556167488,-0.00028213904506801946
2023-06-01,0.013049495150170953,0.05117115209301737,0.016022565621732987
2023-06-02,0.0011582016405227158,-0.011139143806574325,0.0047753261498530986
2023-06-05,-0.020240108317928773,-0.0039667666774103605,-0.0075710662854369115
2023-06-06,-0.0033937882395662644,-0.01319854554567268,-0.00206035647708247
2023-06-07,-0.007106628378609536,-0.03040120187900397,-0.007756210731673985
2023-06-08,-0.025947010801131043,0.02761867112491667,0.015465134814926174
2023-06-09,0.0016839230022036578,0.0067514012651235245,0.002159769101360398
2023-06-12,0.030872748020455143,0.01836455477868615,0.01563875269613768
2023-06-13,0.0062268826694418244,0.039005429317228835,-0.002611645267485252
2023-06-14,0.01841768232339347,0.04814491402214749,0.0034914243009007695
2023-06-15,-0.00434061402182595,-0.008000627939466098,0.011198553783692056
2023-06-16,-0.016855371792693252,0.0009141099561100763,-0.005859764591267025
2023-06-20,-0.011232545961501694,0.026140832914789858,0.00048672248342418456
2023-06-21,-0.016442570752537078,-0.017416913322005678,-0.005675415603637823
2023-06-22,0.006838908185064607,-0.0004645691440846589,0.016525329783257714
2023-06-23,-0.014641561225196886,-0.01896575372645337,-0.001711347342447156
2023-06-26,0.00260433347545308,-0.037361674322273664,-0.007553014823893922
2023-06-27,0.020473507127311885,0.03061635024892473,0.015059226717113905
2023-06-28,0.00419219961100703,-0.018125081517778252,0.006327715763638331
2023-06-29,-0.040852718976047586,-0.007174451367807588,0.0017966324852738413
2023-06-30,-0.018964766725703797,0.03625478994913789,0.02310230861495599
2023-07-03,0.012517683344949848,0.002623862292767676,-0.007784453874151387
2023-07-05,-0.02879492143700213,-0.0022630163542403103,-0.00587160373930351
2023-07-06,-0.0133742342673,-0.00505718153015533,0.0025088056466120445
2023-07-07,-0.007608496082427307,0.009500261946907784,-0.0058914217917266365
2023-07-10,0.03017308241345229,-0.007599384977413304,-0.0108556453396782
2023-07-11,0.01792577236083548,0.005334307139488237,-0.002810042089925302
2023-07-12,0.0029874278396107012,0.03530229968571197,0.008985488909267314
2023-07-13,0.01160052569473935,0.047264611969701775,0.004057457657562713
2023-07-14,-0.006973497112473304,-0.011049065595758245,0.0007873589264504322
2023-07-17,0.016854200758644078,0.02181695729183919,0.017305672062220667
2023-07-18,-0.0033765228480334697,0.022233600429622413,-0.0013402923678229595
2023-07-19,0.0003079209821539308,-0.008780016961131176,0.007071695893196006
2023-07-20,-0.004156544346923918,-0.03307334758090008,-0.010097466140473021
2023-07-21,0.014840131937460033,-0.026603593707728357,-0.006161442335270384
2023-07-24,-0.002589492367366608,0.00683814961688145,0.004219805881029437
2023-07-25,0.0030545233477934364,0.02391734975984039,0.004513615178744823
2023-07-26,0.025882857044192242,-0.00496946204450055,0.004545037546205499
2023-07-27,0.05476410415176325,0.00985670632592095,-0.00658103087675832
2023-07-28,0.0018290693944587044,0.018518419827236565,0.013507988118960146
2023-07-31,0.002668599665084148,-0.00044917165682700766,0.003166045917502913
2023-08-01,-0.008824793755309979,-0.004750812004995941,-0.004275885295472293
2023-08-02,-0.03660264642394129,-0.048121739403428454,-0.015490027378800786
2023-08-03,0.014815944817508697,0.005556932178351515,-0.007321615171060114
2023-08-04,0.010552286038700842,0.0037066446219908844,-0.04802001666328637
2023-08-07,-0.0075814624013405,0.01649494748508573,-0.01725369248301567
2023-08-08,-0.024934648346446653,-0.01657972614683012,0.005311674836011804
2023-08-09,-0.01404318039918917,-0.04724176711336325,-0.008954461715126039
2023-08-10,-0.01889050044645546,-0.003900540921952911,-0.0012346730651889848
2023-08-11,-0.01635085183650442,-0.036166304949515116,0.00033758788543747364
2023-08-14,0.060742404772468506,0.07093416104511263,0.009393300390150516
2023-08-15,-0.04320423144697061,0.00427385108803513,-0.011200472389161775
2023-08-16,-0.016990665301417796,-0.010332186839646762,-0.0049589566206890145
2023-08-17,-0.010277178636576845,-0.0032655002052307536,-0.01455519851021081
2023-08-18,0.00047203112419569315,-0.001038246243896812,0.0028160531457990245
2023-08-21,0.005818384089538053,0.08471339946681389,0.007736723120915556
2023-08-22,-0.008599080513229773,-0.02765788161126237,0.007904920564146822
2023-08-23,0.028071264643446003,0.031707235012404356,0.021948972046754722
2023-08-24,-0.023009653439247102,0.0009973909647653656,-0.0261704435459309
2023-08-25,0.00047106767506721603,-0.024277324358762287,0.012643209623136586
2023-08-28,0.02495301529625582,0.017753902694111368,0.008846071027930114
2023-08-29,0.020976988921773243,0.04161407346370405,0.021810167496241428
2023-08-30,0.02114542032027167,0.00983933409837534,0.019172215423088224
2023-08-31,0.027170233227616025,0.0018472898760135692,0.001172495410148633
2023-09-01,0.006434026902240486,-0.017141303443779954,0.00846326863278235
2023-09-05,-0.0014206189435732597,0.0008040740592787365,0.0012667474790444277
2023-09-06,0.00170712406557616,-0.030549790415894673,-0.03579328745024679
2023-09-07,-0.007669514256062104,-0.01742413217577965,-0.029249517589381324
2023-09-08,0.004436894059327345,-0.01446737051879432,0.0034918933962173604
2023-09-11,-0.002137414985429187,-0.008645791497832622,0.006622663004637985
2023-09-12,0.003998115786173484,-0.006817392204728323,-0.017060685937182463
2023-09-13,0.007680534362159319,0.013706230569396682,-0.01185488138720514
2023-09-14,0.01326757564228731,0.0021104207918751783,0.008782562527130056
2023-09-15,-0.026605621414482417,-0.03687936185991991,-0.004153989430077387
2023-09-18,0.00887229768951081,0.0015033919251947747,0.016913324278778008
2023-09-19,0.00297884279693883,-0.010143984319835542,0.006180909731976492
2023-09-20,-0.01456652923354207,-0.02943489942492772,-0.01999229953597026
2023-09-21,-0.025545168718262068,-0.028930657590126474,-0.008889408969076307
2023-09-22,0.014432768311513078,0.014457613988676066,0.004944624610794479
2023-09-25,-0.0043553988431822566,0.014707873302801655,0.007380266589532614
2023-09-26,-0.009331945340000591,-0.0073658305479706865,-0.023398374450337767
2023-09-27,0.003973717483959582,0.013289855729287536,-0.008897656552074529
2023-09-28,-0.04412827528018082,0.014622931481545365,0.0015256914638070995
2023-09-29,0.043405121846027406,0.009515198427174854,0.0030465534992230037
2023-10-02,-0.0010291121364810474,0.029494978284568818,0.014835605923520623
2023-10-03,-0.0019128852248432304,-0.028247984868409737,-0.007770028983646093
2023-10-04,0.004128018033848768,0.012041212392453593,0.007308792868777836
2023-10-05,0.013801090766991653,0.014690914329178018,0.007197926609906036
2023-10-06,0.01486923348932101,0.02403334953407965,0.014750494889965271
2023-10-09,-0.006861059877039666,-0.010685661542408575,0.008451195425928537
2023-10-10,-0.005900950188881593,0.011596286898801766,-0.003352200304996611
2023-10-11,0.016504860323203863,0.022009517232125075,0.007904093442440141
2023-10-12,-0.0065517476281644615,0.0029697732427764745,0.005061121559387871
2023-10-13,-0.007741780183220248,-0.03161151840763732,-0.010292646939114691
2023-10-16,-0.0018786577601240806,0.013946204566303466,-0.0007270182532123082
2023-10-17,-0.0011578356934711653,-0.04679468449953017,-0.008784775718339355
2023-10-18,0.0020289239704358586,-0.03964698891049523,-0.007394816048946318
2023-10-19,-0.023286216849448094,-0.0022510990796071884,-0.002161008109580087
2023-10-20,-0.004590519920575464,-0.016959461146199062,-0.014704170270716355
2023-10-23,-0.0050578494973544386,0.03836967813725001,0.000694206597027236
2023-10-24,0.01779304064315612,0.01600928654051903,0.0025432117797667964
2023-10-25,-0.02306469031820446,-0.0431485170700624,-0.013491673120524239
2023-10-26,-0.029623937454360982,-0.03477832678145332,-0.02460554234287282
2023-10-27,0.01735634033183775,0.004314727667585894,0.007969424076595288
2023-10-30,0.006397720874995683,0.01632112749741399,0.012305256031884593
2023-10-31,0.012108284110510237,-0.009256530490478254,0.0028186972617150197
2023-11-01,0.037834450423605226,0.03788656859092865,0.018738647733690827
2023-11-02,0.014985454791218267,0.027902801251189047,0.020693404559061213
2023-11-03,0.030380816415831235,0.03445527201019627,-0.005181242998834712
2023-11-06,0.004684222215690204,0.016575825182169934,0.014605203941990608
2023-11-07,-0.0016455592186910284,0.004458935739633851,0.014450655757010766
2023-11-08,-0.0071426863610078994,0.013469616270122886,0.005884990952999214
2023-11-09,0.01784713618633349,0.008073124378403351,-0.0026245907552053804
2023-11-10,0.02433036305485703,0.02949952062485317,0.023220115838403554
2023-11-13,-0.007696392556798326,0.005896433785483213,-0.008583694540217568
2023-11-14,0.03196055124684749,0.021307986214745167,0.01428575365181084
2023-11-15,-0.0003887332237162422,-0.01546627847167159,0.003040856946023407
2023-11-16,-0.006092855010518372,0.012109054269235475,0.00904238449471717
2023-11-17,0.011608364001102878,-0.003677994366144799,-0.00010558270591065622
2023-11-20,0.013666735383150108,0.022536357541511398,0.009278104113588315
2023-11-21,-0.024294197693905173,-0.00922462042860206,-0.0042306281129014245
2023-11-22,0.005084237968722594,-0.024587584767227777,0.0035143429892234845
2023-11-24,-0.002983126847971862,-0.01929554855459703,-0.007004232594340021
2023-11-27,0.008325606811656172,0.009753961904568342,-0.0009474817771817357
2023-11-28,-0.01793296217061624,-0.008726905484218173,0.0032139556315085027
2023-11-29,0.007488013987096531,0.006670852299482055,-0.0054097005030883105
2023-11-30,-0.007432360368698543,-0.028458618269094793,0.003062751820375409
2023-12-01,-0.0024961058421726356,-0.00010696501598428387,0.006791327060370778
2023-12-04,-0.021599141876865402,-0.026836462578629483,-0.009464508697572982
2023-12-05,-0.008076377402150281,0.023293752236424714,0.021063280918229843
2023-12-06,-0.007599383019146755,-0.022827844414328058,-0.005687127336506781
2023-12-07,0.007110771663746629,0.024020395101339354,0.010139283964222257
2023-12-08,0.017786940703923282,0.019529593080989116,0.0074124781945634766
2023-12-11,0.0377534437485032,-0.01850286807929269,-0.012927268090960675
2023-12-12,0.00475632874389853,0.02209026725920471,0.007919930624519678
2023-12-13,0.02085469371272941,0.00904374375693151,0.01669140706420924
2023-12-14,0.030078940870698956,0.005448434766037735,0.0007577779030216725
2023-12-15,-0.009490399728398602,0.011168514504423133,-0.0027257322742496592
2023-12-18,0.0018425307873688457,0.02427884951718773,-0.008503381036903512
2023-12-19,0.007479329009643321,-0.009445522818368524,0.0053602618401726865
2023-12-20,-0.04235113119186151,-0.03009826339372146,-0.010713905126075396
2023-12-21,0.08628783773215898,0.018270271918988668,-0.0007700309224206725
2023-12-22,0.011815715598224141,-0.00326600231145191,-0.005547432989490342
2023-12-26,0.006590214350490786,0.009195181729156454,-0.0028408801061076128
2023-12-27,-0.004594456803569069,0.002800406009240808,0.0005178208136948914
2023-12-28,-0.007615955486289239,0.002124675740456272,0.00222632397607736
2023-12-29,-0.006345841606059666,0.0,-0.005424146095372784
2024-01-02,-0.035153462022066706,-0.02734129391011242,-0.03578678819725534
2024-01-03,-0.0009713870059450125,-0.012435749381889738,-0.007487242859039345
2024-01-04,0.00547017123656568,0.009018540704498701,-0.012700151040322294
2024-01-05,0.008946925232588887,0.022896941113825786,-0.004013158899307978
2024-01-08,0.017974999135914826,0.06428071003496427,0.024174868187411658
2024-01-09,-0.019070052668953563,0.01697523787792532,-0.002263332442670074
2024-01-10,-0.011400472123702876,0.022769936980857164,0.005671333543543211
2024-01-11,0.01226019820527724,0.008684493293112716,-0.0032223915101255995
2024-01-12,-0.011991800273477904,-0.0020429731183968514,0.0017780448873185861
2024-01-16,0.026945021066463903,0.030561205427238836,-0.01231715235551678
2024-01-17,-0.01571927746176016,-0.00583517165098324,-0.005173500898637884
2024-01-18,0.018491948712554107,0.018803458194080802,0.03257063877393995
2024-01-19,0.03171418998172326,0.04174623757686691,0.015533033353019032
2024-01-22,0.019769226597697642,0.0027399324633048394,0.012163309773617126
2024-01-23,-0.01916180309168658,0.003671319588594457,0.0066533211848698315
2024-01-24,0.006283434513037811,0.024869186221848638,-0.0034841464536942146
2024-01-25,0.012715703708516157,0.004155534806044914,-0.0016966728234032447
2024-01-26,-0.012892246518406258,-0.009510188779179196,-0.009012616136686136
2024-01-29,0.011584259495519111,0.023496223417591056,-0.003585929337447502
2024-01-30,-0.03267082326523085,0.0049467840947974295,-0.01924580456575653
2024-01-31,-0.004758540555923951,-0.01986493882190077,-0.019357583388132427
2024-02-01,-0.0016326627265216276,0.024379521495106138,0.013340557020600663
2024-02-02,0.01016229612135433,0.04970886143642739,-0.005405075072322352
2024-02-05,0.005781705593811415,0.04794429791723687,0.009846606562522231
2024-02-06,-0.02736268716438628,-0.01599528802685468,0.008631630911958732
2024-02-07,0.006737525526991028,0.027497966673612373,0.0005813106545822233
2024-02-08,-0.0034048724091727545,-0.00653378419780648,-0.005754736057749565
2024-02-09,0.008011293686782661,0.03578386591083982,0.004093954875457717
2024-02-12,0.001636198636186581,0.0015940082919370102,-0.009001952411559766
2024-02-13,-0.04865799760836231,-0.001660656686153117,-0.011274321932384201
2024-02-14,0.0036797166339890275,0.02456737912104967,-0.004809787753164763
2024-02-15,-0.002444213303385623,-0.01680674267838078,-0.0015748284548412483
2024-02-16,-0.026093276906948626,-0.0006192584866130391,-0.008430159602192178
2024-02-20,0.015220189019544472,-0.043532101613322216,-0.004114051176341671
2024-02-21,0.009664082849862421,-0.028508887527001314,0.004186137319564853
2024-02-22,0.054239721372748795,0.164008740825639,0.011243830762227569
2024-02-23,0.0010475887865293299,0.003552400634184938,-0.01003412389560443
2024-02-26,0.04023276654658381,0.003489206944823131,-0.007451168178311263
2024-02-27,0.02671556698133437,-0.004943878031230864,0.008114356611770068
2024-02-28,-0.02329878615658809,-0.01318903122433468,-0.006625412585119395
2024-02-29,0.010032400195138402,0.018657696496628517,-0.003693082290161298
2024-03-01,0.05010482132244887,0.04003170330590233,-0.0060304425436743525
2024-03-04,0.006515997692628117,0.03595075231265388,-0.02538141434486807
2024-03-05,-0.013574225275374663,0.008576660007388659,-0.02844079317041437
2024-03-06,0.01153807887628222,0.03182722988333042,-0.005878369472013922
2024-03-07,0.03578926390498327,0.04474632653463928,-0.0007093531271774589
2024-03-08,-0.013740041952831628,-0.05547717509355843,0.01023656356418079
2024-03-11,-0.031858376679149036,-0.020039204900175966,0.011831544116346127
2024-03-12,0.030790366562911453,0.07157171944983687,0.002778681820323037
2024-03-13,-0.03346335156493996,-0.011151708806153793,-0.012122624278273264
2024-03-14,-0.028993212913630995,-0.032391566538093164,0.010927251114686065
2024-03-15,0.019905721605752547,-0.0012166419586961963,-0.0021964995871318616
2024-03-18,0.005683964137519482,0.007035797096392571,0.006372407175158745
2024-03-19,0.0023456720055037295,0.010660668366691883,0.013585080214420842
2024-03-20,0.023936305136259106,0.010895134035692866,0.01470925988491878
2024-03-21,0.14129856638271376,0.011762336977884535,-0.04085755643065969
2024-03-22,0.0032772762211854545,0.0312135804296656,0.005310372799897767
2024-03-25,0.06278926033381182,0.007561785408766175,-0.008300458973711677
2024-03-26,0.014257691607082013,-0.02569411427776158,-0.006672691281832233
2024-03-27,0.0037877441511680043,-0.024967226608567317,0.021212694433655477
2024-03-28,-0.010450390925399233,0.0011744617198645724,-0.010559215768296104
2024-04-01,0.05437285740497444,7.747818325154476e-05,-0.008455663578875172
2024-04-02,-0.012469926641963003,-0.010081617280829458,-0.006998914563208003
2024-04-03,0.04285138101760677,-0.005455385232115306,0.00479744340820476
2024-04-04,-0.03062267555622622,-0.03438472731433728,-0.004892182038373494
2024-04-05,-0.004109803567997394,0.02448059831913585,0.004501678167120993
2024-04-08,-0.005098063258266228,-0.009942288009734401,-0.0066635003225418155
2024-04-09,-0.0026025918547494253,-0.02041730140809095,0.007242605746106134
2024-04-10,-0.0035066227748763446,0.019741603631241667,-0.01113936358094647
2024-04-11,0.04345354579074878,0.041096373948527276,0.04327092262451804
2024-04-12,-0.039134208797094616,-0.02681647898378492,0.008626723189674168
2024-04-15,-0.00938623222991064,-0.024777213678400245,-0.02186351559171218
2024-04-16,0.003295669444133509,0.016441702896750954,-0.01916730179865811
2024-04-17,-0.044674315841617074,-0.03866604475573021,-0.00814740338026887
2024-04-18,-0.03782332732459792,0.007568021704666084,-0.005714307731204293
2024-04-19,-0.046100356572564616,-0.10004591642993121,-0.012212575672944204
2024-04-22,0.02200995311890863,0.043543348974247165,0.0050908584143942726
2024-04-23,0.030608485400226204,0.03653266860030269,0.006391770090690585
2024-04-24,-0.006046558789655099,-0.033315854844161,0.01270216499905108
2024-04-25,-0.00178924251962842,0.03708717108165982,0.00514721993680789
2024-04-26,0.029216626230725407,0.061755829061549194,-0.0034729038567258286
2024-04-29,-0.0041797472653692935,0.00025061547571914033,0.024808246329536487
2024-04-30,-0.012242003212455832,-0.015440211136574677,-0.018270894349645572
2024-05-01,-0.028859764711420266,-0.03889982425089922,-0.006047290911573411
2024-05-02,0.023974576513380752,0.03342942913315161,0.022032111440113633
2024-05-03,0.021098449466310454,0.03463182760363437,0.059816171273726404
2024-05-06,0.04734090563620419,0.037741115929833535,-0.009106753526999078
2024-05-07,-0.00765837780912626,-0.017212847492860672,0.003797194367837209
2024-05-08,0.0009227871575563373,-0.0015682033416463126,0.0018642078016712915
2024-05-09,-0.012655051916559912,-0.01841570717184504,0.010014154368216177
2024-05-10,0.029114690396535803,0.012744063288183005,-0.006890196408507299
2024-05-13,0.014516620016424175,0.0057967857179908044,0.01764542172341832
2024-05-14,0.014715410295820686,0.010586466755307056,0.006173489777871133
2024-05-15,0.024036474840801514,0.035837784808151696,0.012217848003953202
2024-05-16,0.0006260422012445144,-0.002863692269944984,0.0006324477496431058
2024-05-17,-0.02032994668121335,-0.019924093215714755,0.00015801200307485885
2024-05-20,0.029611319539216918,0.02488143639414897,0.0061621430143423694
2024-05-21,-0.011627936067408418,0.006393720007766834,0.006857375894604223
2024-05-22,-0.009568712742326846,-0.004570927780799261,-0.007538572833756363
2024-05-23,-7.910452701820336e-05,0.09319646256008718,-0.021057974775740673
2024-05-24,0.02550081386741465,0.02572281403424026,0.016588115468819664
2024-05-28,0.02455800003062003,0.06980425953689773,5.282088220126546e-05
2024-05-29,-0.008216133614571741,0.008112354723986082,0.001578791105659949
2024-05-30,-0.040203435171609625,-0.03766607298568725,0.005255204248810097
2024-05-31,-0.01021462703195064,-0.007846008229798085,0.005018618975826783
2024-06-03,0.025360022744911337,0.04895415083477905,0.009258757420187225
2024-06-04,-0.011937350284018211,0.012495646211820421,0.0016491965213860649
2024-06-05,0.0558277443051618,0.05155584418414483,0.007820844858410947
2024-06-06,-0.02722332331545374,-0.011777301325725853,-0.007096488577114313
2024-06-07,0.006688769976897602,-0.0009090419864714594,0.012391992961053644
2024-06-10,0.029631933522687337,0.007461470280686333,-0.019147681618552403
2024-06-11,0.0018543955261054457,-0.007143967409492413,0.07264916156603096
2024-06-12,0.042052179683142565,0.03548076807000777,0.028578236451472172
2024-06-13,0.01698034139095661,0.035223744308960026,0.0054912537589841826
2024-06-14,-0.012435303364906836,0.017514089383387832,-0.008168477066532231
2024-06-17,0.045769596391651346,-0.006824345733164261,0.01967166948582122
2024-06-18,0.03801668804226699,0.03511980061100739,-0.01098457642949624
2024-06-20,-0.06034523682427306,-0.035403545359749766,-0.02151295174832113
2024-06-21,-0.03224941411404281,-0.03219134633072074,-0.01044446927069198
2024-06-24,-0.0037978826837078428,-0.06684063411981955,0.0031327878807974052
2024-06-25,0.01517869145917805,0.06756418032280953,0.004468216367088607
2024-06-26,0.008787046120230846,0.0024587155429511842,0.019993163987805262
2024-06-27,-0.0711578254651476,-0.019066591536761157,0.003985989997206119
2024-06-28,-0.0052937306924341065,-0.0036292423596017143,-0.016254183722711812
2024-07-01,-7.583023001911382e-05,0.00615192759614458,0.02910465588119937
2024-07-02,0.00813524932334797,-0.013113507766957633,0.01623979545174392
2024-07-03,0.03190321161338239,0.04573251736761641,0.0058110740627908
2024-07-05,-0.038152331887086,-0.01909884578151766,0.02162043726049534
2024-07-08,-0.006046491313708491,0.01883472333801306,0.006538883238900395
2024-07-09,0.0034432760597558065,0.024805168499487884,0.0037748470851171056
2024-07-10,0.04003358983912042,0.02686857720936553,0.018803592527021573
2024-07-11,-0.045164632125397675,-0.05566674328839538,-0.02322081988710145
2024-07-12,0.025493275707715313,0.014442782552675837,0.013050838952069821
2024-07-15,-0.02006730107689081,-0.0061900894235717985,0.01674333554866947
2024-07-16,-0.025827240671052132,-0.016194323071095917,0.0017918920594166554
2024-07-17,-0.06267158025216535,-0.06623941147885948,-0.025295991964869757
2024-07-18,-0.01715485789721327,0.026273376695041817,-0.020534849530911226
2024-07-19,-0.02716039730966935,-0.02609604433844792,0.0005797873165742651
2024-07-22,0.008926949217775704,0.04757045929830506,-0.0015603674757692643
2024-07-23,-0.008934740630459959,-0.0076898476369218205,0.004688349360439048
2024-07-24,-0.03474824419904465,-0.0680316071712207,-0.02875418307955091
2024-07-25,-0.02566205358109419,-0.017242891212805755,-0.004804624361154031
2024-07-26,0.018241004036535502,0.00694685496348213,0.002161062032699057
2024-07-29,-0.014258266512693574,-0.013001892918470537,0.0012846048734906912
2024-07-30,-0.049049717296706485,-0.07043637158283134,0.0025660546081753832
2024-07-31,0.0707880271235406,0.1281210385327478,0.014990717235230822
2024-08-01,-0.07566934459031605,-0.06674080069055921,-0.016750569208733856
2024-08-02,-0.08678960251290957,-0.017763993635633746,0.006869336008356264
2024-08-05,-0.024595270917438405,-0.06357781558907782,-0.04816695160420714
2024-08-06,-0.01570457333715647,0.037829765825552863,-0.00974829845868952
2024-08-07,-0.024718997220703254,-0.05122296804425175,0.012498375344148327
2024-08-08,0.060714247175778,0.061267871534255613,0.016633201720601898
2024-08-09,0.010969800985259237,-0.0020959539207550115,0.013735848261558825
2024-08-12,0.016759826762472674,0.04076383512050841,0.007129995240501064
2024-08-13,0.02958588809866236,0.06530904305964191,0.01719310579651956
2024-08-14,0.03048014487423245,0.01670409240163595,0.0020336607644582116
2024-08-15,0.06513300075657447,0.04048094698280735,0.013530569226876787
2024-08-16,0.009724175066018637,0.013999619829759391,0.005918452678374431
2024-08-19,0.005926488564412358,0.04350622742619348,-0.0007078256491040991
2024-08-20,-0.005891572228970854,-0.021153852710565357,0.0027446310948757713
2024-08-21,0.003148371513099324,0.009823218578879578,-0.00048554011451118484
2024-08-22,-0.0375703201501143,-0.037042794669866375,-0.008259685489591884
2024-08-23,-0.013523847548471357,0.04549855664734581,0.010288036962987412
2024-08-26,-0.038308131607181384,-0.022493629526155523,0.0014988913002564885
2024-08-27,-0.010615751792940165,0.014550198844700546,0.0037415861342333656
2024-08-28,-0.03065600066276808,-0.020966571421015323,-0.006753530746548386
2024-08-29,0.00748451089789226,-0.06384843628616976,0.014570203763614176
2024-08-30,0.007010778453311772,0.01513739005205239,-0.003437973805193839
2024-09-03,-0.07959286613500993,-0.09525016132832109,-0.027205214688054147
2024-09-04,0.008015397050770812,-0.016574087976903185,-0.008618693743290273
2024-09-05,0.0011200080066902096,0.009415430677634173,0.006927777412329972
2024-09-06,-0.03367267011929609,-0.040854417889891304,-0.0070149173973669265
2024-09-09,-0.001273459749632888,0.035398228115490316,0.00040740783285397875
2024-09-10,0.006723022012010249,0.01530934686680352,-0.0036214050305509726
2024-09-11,0.04375371327378308,0.0814986772887929,0.011585231192673406
2024-09-12,-0.03794825947990832,0.01916172737405697,0.0004939354816972941
2024-09-13,0.04598098411986329,-0.00033588693777597545,-0.001211939111549598
2024-09-16,-0.0442885852164453,-0.019479390868363367,-0.0277752808367705
2024-09-17,0.01777923180431573,-0.010190014112028689,0.0021725834761421314
2024-09-18,-0.015552725798023803,-0.019205821441112936,0.017989854796931715
2024-09-19,0.021751720027003874,0.0396930532573494,0.03706551490586185
2024-09-20,0.018487380500668227,-0.01586498436275774,-0.002927465514640404
2024-09-23,0.02937276424913482,0.002241408805733869,-0.007580955560679947
2024-09-24,0.004595596153680548,0.039652487729431085,0.0039739994014189595
2024-09-25,0.018829828896585354,0.021841696866523153,-0.004398159573497096
2024-09-26,0.14733204145190193,0.004291163883545446,0.005080271301849182
2024-09-27,-0.021659944303379697,-0.021283503216664834,0.0011866370158313266
2024-09-30,-0.0352558009189714,0.00032950814347754154,0.022872075138840486
2024-10-01,-0.03278375425287139,-0.03656127955795141,-0.029141727049801336
2024-10-02,-0.004585608381053818,0.01581190711634428,0.0025198112839539544
2024-10-03,0.01972943343657496,0.03365593168348191,-0.00489463160514958
2024-10-04,0.004223160585060892,0.016849770051440727,0.0050073340532503785
2024-10-07,0.007588101560020544,0.022414405116623515,-0.022530916310902094
2024-10-08,-0.0035955375690084335,0.04047905042831612,0.018404051156073686
2024-10-09,-0.00819188339801713,-0.001805878471957456,0.016698452101093553
2024-10-10,0.03923304433158914,0.016283577432997243,-0.002178256878798468
2024-10-11,0.011637782570368849,-7.414019480056488e-05,-0.006505408096193044
2024-10-14,0.013280867620807824,0.02425811226428709,0.01647979811048117
2024-10-15,-0.0371052073130107,-0.0468603477359969,0.011024752671678906
2024-10-16,0.04716246639136523,0.03130674736267203,-0.008851884000882326
2024-10-17,0.02572321105208708,0.008915658146436689,0.0015963480057221702
2024-10-18,-0.00803209195755994,0.007814197678642776,0.012276553423913095
2024-10-21,-0.01862355502172175,0.04137683655968494,0.006297833056365665
2024-10-22,-0.011551060796999413,-0.0008351158283215199,-0.0026218516457513497
2024-10-23,-0.02569099580054246,-0.028065911046121106,-0.021623016457301136
2024-10-24,0.017134692307883004,0.006090603350702439,-0.0008231537233582831
2024-10-25,0.009920488387974657,0.008047842978899267,0.0036431690563523134
2024-10-28,-0.014085867307246924,-0.0072065039175640555,0.00859930350717053
2024-10-29,0.016824884177775612,0.005195028642425603,0.001156808284072497
2024-10-30,-0.03789973442248673,-0.013522287592808824,-0.015277909906239895
2024-10-31,-0.0425635789740022,-0.04722250159829311,-0.018209560470219932
2024-11-01,0.0008028900656265048,0.019885377966535334,-0.01327954843111423
2024-11-04,0.020054226382073104,0.004800710631136518,-0.004037466653296629
2024-11-05,0.03696042528234811,0.02837188701344817,0.006486078799473161
2024-11-06,0.06010058273431507,0.040740430441306597,-0.0032669286034546774
2024-11-07,0.014128575654750675,0.02245741911912802,0.02137217728792984
2024-11-08,-0.013314440408679573,-0.008396207715243742,-0.0011881973656511224
2024-11-11,-0.029043902552018608,-0.016053544596601355,-0.012028655940682698
2024-11-12,-0.041877545321986176,0.020859013048837527,0.0
2024-11-13,-0.04015371076510166,-0.013621835583439657,0.003969224708879171
2024-11-14,-0.007405877547562056,0.0033498081077454334,0.013770445194280612
2024-11-15,-0.02863491832264098,-0.0325701492764231,-0.014109245028521178
2024-11-18,0.012144537572978953,-0.01288905699761167,0.013422275081188761
2024-11-19,0.0022562665485303945,0.048947493937380626,0.0011402383381653447
2024-11-20,0.006548680149360386,-0.007618445859915002,0.00315399714279585
2024-11-21,0.044627289182108454,0.005346563963976703,-0.002096031461461201
2024-11-22,-0.0011676996384288874,-0.03218125759989665,0.005907584127903709
2024-11-25,0.017926805204613316,-0.04177514967452134,0.013050798837767275
2024-11-26,-0.025650868653057657,0.00661674325584527,0.009404410213577297
2024-11-27,-0.03536352095585371,-0.011539769606429884,-0.0005530768936283792
2024-11-29,-0.002545834986629303,0.021501605049072836,0.010215818045905767
2024-12-02,0.0061255204390575635,0.002748551936289756,0.009522601093399752
2024-12-03,0.013089855097725644,0.011757803534352407,0.012771881095138049
2024-12-04,0.03365375014094685,0.03479255999680975,0.0014836069438348698
2024-12-05,-0.022577388726130354,-0.00048225476213414886,0.00012347708956528258
2024-12-06,0.0029740608432986537,-0.018061569822411916,-0.0008229736587771486
2024-12-09,0.016309248084993566,-0.02548442628526082,0.016101137954385836
2024-12-10,-0.04590549815683931,-0.02694318315051991,0.004133717309796614
2024-12-11,0.04036689889431733,0.031391101023708456,-0.005165986892405217
2024-12-12,-0.03742888980559134,-0.014141191427792577,0.005963710615935813
2024-12-13,0.043363130632854574,-0.02249888203241668,0.0006855702389931828
2024-12-16,0.05619519935214501,-0.016759879554977708,0.01172772086416507
2024-12-17,0.0031405999327902556,-0.01219690084916969,0.009719587041880029
2024-12-18,-0.04327811462495479,-0.011350607295990245,-0.02142178972731157
2024-12-19,-0.16179016343204178,0.013730424439337474,0.0070146708943221725
2024-12-20,0.03479173276322767,0.030762426721671732,0.01881582123937009
2024-12-23,-0.004438713595072974,0.03689667123676976,0.0030649197836760678
2024-12-24,-0.004904165934081828,0.003937958121885465,0.01147819717637466
2024-12-26,0.006048497410038545,-0.002068167912958385,0.0031755732672802406
2024-12-27,-0.01324894245301722,-0.020867822815822668,-0.01324213869551405
2024-12-30,-0.03620835793538013,0.003503576688700605,-0.013263453521946578
2024-12-31,-0.013480317013460974,-0.023274481452760343,-0.0070577995864278265
2025-01-02,0.03766640536741539,0.02993523678084742,-0.026235982000003988
2025-01-03,0.029085079151371263,0.044537666756603755,-0.00200944639433831
2025-01-06,0.10448425788933524,0.03433240961951434,0.006739006166805561
2025-01-07,0.02669759400827254,-0.062169528063781176,-0.011387714951863415
2025-01-08,-0.024531429790616954,-0.00021405549675002078,0.0020230522329021117
2025-01-10,-0.0007041681128177046,-0.02997647612121257,-0.02410378844503036
2025-01-13,-0.04308444060331296,-0.01971898132557659,-0.01034417252455
2025-01-14,0.02419528904527679,-0.011033637137344954,-0.004778134860750183
2025-01-15,0.059880879672327136,0.03400128390325152,0.0196758237559016
2025-01-16,-0.005717559889278134,-0.01959763817496396,-0.040400178695010114
2025-01-17,0.030701675155284658,0.030994932836341693,0.0075352465824443104
2025-01-21,0.034326161396923016,0.022656151514774958,-0.031915861104129584
2025-01-22,-0.0013712025067176281,0.04430898675842343,0.0053450393470186874
2025-01-23,-0.04019045800033394,0.0010199493828297879,-0.0007594095883745045
2025-01-24,-0.015738290245692066,-0.03124595500664684,-0.003934573992730894
2025-01-27,-0.1170656563801058,-0.1696816230490189,0.03178014674144025
2025-01-28,-0.03139062343961885,0.08925857438565088,0.036543948713529284
2025-01-29,0.008612040315186364,-0.041010939378136047,0.0046169382997376385
2025-01-30,0.03920886179147898,0.007679827087147872,-0.007394827688081529
2025-01-31,-0.013621555634047655,-0.036742850007775774,-0.0066921551124439205
2025-02-03,-0.014467343780874664,-0.02840003830894633,-0.033855973855805965
2025-02-04,0.008229538901033173,0.017058031680128094,0.021008017377157406
2025-02-05,0.032428808546759,0.052086035354348637,-0.0014176851138776314
2025-02-06,0.010042755044329166,0.030841781986492345,0.0032262916511902606
2025-02-07,-0.023693648962413327,0.009014564885260423,-0.023968817577137425
2025-02-10,0.039328352988824866,0.028727936658175635,0.0011874586502707007
2025-02-11,-0.019284857460495464,-0.00576471382366639,0.021831693659159157
2025-02-12,-0.02551033574534778,-0.012500053220851126,0.018270203159199028
2025-02-13,0.04341193508471952,0.031645473004664026,0.01967319998593453
2025-02-14,0.04035108746274396,0.02631381871952132,0.012710634316781766
2025-02-18,0.07305081530511837,0.0039611041169134165,-0.0005314862154425226
2025-02-19,-0.02275498041984303,-0.0012195664723472222,0.0016362166519758858
2025-02-20,-0.011306992353684042,0.006320622976546231,0.003920455054429617
2025-02-21,-0.04206248781277511,-0.04053964441074476,-0.0011390214561466383
2025-02-24,-0.034702527130248684,-0.030870994283646036,0.006312366928012514
2025-02-25,-0.022953498665631455,-0.028016733256714277,-0.00024284817705577666
2025-02-26,0.04816551731390506,0.0367212871813456,-0.027040125258631975
2025-02-27,-0.06028036306328488,-0.08478068700982089,-0.012730832290805183
2025-02-28,0.019712422457025758,0.039700371673689006,0.019131795737724833
2025-03-03,-0.03300217215882162,-0.08693563240438495,-0.015754232451486105
2025-03-04,0.007289724970368061,0.01692087174131829,-0.008822402413990682
2025-03-05,0.034429623732509906,0.011294126729997522,-0.0008052330722257972
2025-03-06,-0.053741763287139976,-0.057374250878576616,-0.0017392345454967373
2025-03-07,0.041335342618771476,0.019173426499780266,0.015892617201183512
2025-03-10,-0.06325300088114005,-0.050670045456219004,-0.04847958752014647
2025-03-11,0.02262289862567446,0.016638679721860505,-0.029189390099861323
2025-03-12,0.07400336161166066,0.06427592493873169,-0.017478623870416543
2025-03-13,-0.007946516587241104,-0.0013824634742628517,-0.03364384484359484
2025-03-14,0.06228919252295917,0.05269075080871022,0.018170637237541643
2025-03-17,0.023018244854745573,-0.0175885256660947,0.0023888932558169262
2025-03-18,-0.013480913558385432,-0.03430106695951218,-0.006121429375263054
2025-03-19,0.0033425524454488986,0.018106204951170657,0.01198932032463107
2025-03-20,0.00921036171696521,0.008594252615910847,-0.005296458501596435
2025-03-21,-0.08038838549478433,-0.0070024141076757696,0.01947682645400195
2025-03-24,0.023437422933003438,0.031520908262874014,0.011270431174758455
2025-03-25,-0.028471129971302078,-0.005930332935586535,0.013681842097234664
2025-03-26,-0.021766809555420208,-0.057419847461616325,-0.009921772760450698
2025-03-27,-0.010528531429849441,-0.02048169079087525,0.010472665543175275
2025-03-28,-0.0298377791455392,-0.015794676608994918,-0.02658025247090645
2025-03-31,-0.016246788377722532,-0.011762611854777671,0.01941248714030719
2025-04-01,0.02094604152869972,0.016331443002860047,0.004772047118026368
2025-04-02,-0.0012400576382790574,0.0024512088746246885,0.0031363356171891787
2025-04-03,-0.1609480271276318,-0.0780655345334399,-0.09245611817424748
2025-04-04,-0.1294054097434647,-0.07357568117034718,-0.07288738641142001
2025-04-07,0.056396785315754316,0.03530901116249785,-0.03673438112745897
2025-04-08,-0.04139241195983412,-0.01372375294787731,-0.049818097008222595
2025-04-09,0.18812930144709283,0.18722733103945655,0.15328843665210434
2025-04-10,-0.10042376519035445,-0.05912710690441181,-0.042393787772871616
2025-04-11,-0.007137709564917327,0.031235504378898327,0.04059450740721626
2025-04-14,0.021135742196843665,-0.0019832681208932224,0.022053996592583447
2025-04-15,0.0002818501431760545,0.013458588155291107,-0.0018763741147479474
2025-04-16,-0.02407099373332,-0.06871652057100175,-0.03893338032138538
2025-04-17,-0.007644639655944863,-0.0287109750728749,0.013949730279158024
2025-04-21,-0.02994195447899728,-0.04512747781521653,-0.019392854269902005
2025-04-22,0.05199281096792685,0.020431219042711612,0.034065073700412674
2025-04-23,0.03874105066924294,0.038628832694534765,0.024331559837067696
2025-04-24,0.061565704285642786,0.036218369160263775,0.01842618826092579
2025-04-25,0.030483100593224233,0.0430332245095264,0.0043672089188706575
2025-04-28,-0.015292105757918506,-0.020538829404824877,0.004109347264288132
2025-04-29,-0.02138479913097724,0.002667179331728331,0.00509184705173249
2025-04-30,0.0009105374110791598,-0.0009173429822770807,0.006107731322571031
2025-05-01,0.010656180360959278,0.024697079525506593,0.00385881850870029
2025-05-02,0.037932389705144676,0.02589380833985855,-0.037361736221225184
2025-05-05,-0.0037164875558642896,-0.005938849150802561,-0.031458456524213974
2025-05-06,0.0011190768747604274,-0.002459970768716846,-0.001910697305796516
2025-05-07,0.02620801157993946,0.031002234694763375,-0.01138474850772786
2025-05-08,0.030622083720735604,0.0026481846115249397,0.006318352713621911
2025-05-09,0.00833826038512031,-0.006134461352112375,0.005266229203264583
2025-05-12,0.07488933647137985,0.054436384966563,0.06314609922458425
2025-05-13,0.05027634089939781,0.056341411223286286,0.01015229570024756
2025-05-14,-0.016609952098725622,0.041637853903059296,-0.0028178117705190964
2025-05-15,0.0013637421759353785,-0.0037684467943137623,-0.004144435260722168
2025-05-16,0.026715542268195946,0.004227518775246963,-0.0008985839062414236
2025-05-19,0.006632787019337227,0.001255705379264782,-0.011739086232723905
2025-05-20,-0.0055753898810876334,-0.008777786819670563,-0.009196290225973569
2025-05-21,-0.02303772348275923,-0.01919925661810129,-0.02305911477177236
2025-05-22,-0.010538294603933518,0.00781479967032861,-0.003612234385890978
2025-05-23,-0.015395986972384423,-0.011593744090047986,-0.03024432937368582
2025-05-27,0.032237243726843445,0.03206648370960563,0.025298341226390297
2025-05-28,-0.002075136808798672,-0.005092300698907204,0.0010488851004830657
2025-05-29,0.006446316969140886,0.032490175169429536,-0.002345136061230768
2025-05-30,-0.02417355074771299,-0.029168784491266475,0.0045011768949494435
2025-06-02,0.03938168994502411,0.01665067372753226,0.0042320537763564925
2025-06-03,0.04145452477398437,0.02795166046472719,0.007783765588379676
2025-06-04,0.00977995823325939,0.004956696799257143,-0.002213754276742086
2025-06-05,0.02944307905477772,-0.013599161571480667,-0.010797774052893838
2025-06-06,0.021356643431121425,0.012358068426231661,0.01639831188885066
2025-06-09,0.022015477331631006,0.006421295463690413,-0.012112573294913664
2025-06-10,0.02875168358774194,0.009324728528698367,0.006056018916418493
2025-06-11,0.016558644380734622,-0.007780511518506894,-0.019193715350202867
2025-06-12,0.0012927799515281002,0.015192782842466723,0.0021129385173965787
2025-06-13,-0.004992282039542939,-0.020896557247146452,-0.013805233102505365
2025-06-16,0.036678204538391324,0.01915899769365792,0.010027938173407858
2025-06-17,0.004172200858451269,-0.003939580081545602,-0.014010596445348522
2025-06-18,0.012298514998837717,0.00943675070108796,0.004804711122616823
2025-06-20,0.01461176962107369,-0.011204331756270225,0.022484525012509415
2025-06-23,-0.01229778785987945,0.0022244730485381226,0.0024875227541492073
2025-06-24,0.04775564585427672,0.02587222201673911,-0.005955377660487704
2025-06-25,-0.005159956930693599,0.043340202219428026,0.006290559785556926
2025-06-26,-0.009823145158018298,0.004601160325321985,-0.0027782426676479233
2025-06-27,-0.00984131586145709,0.017610501525841427,0.0003979975434207361
2025-06-30,-0.01210325434055648,0.0015215188029467086,0.02034008166750545
2025-07-01,-0.019148023631511912,-0.029685420899917325,0.012916108907951696
2025-07-02,0.007031181093912764,0.02576648215453603,0.022230786196419938
2025-07-03,0.004517862795245797,0.013290932058820593,0.005225112731596315
2025-07-07,-0.01845721003941614,-0.006903504079208256,-0.01685792685476961
2025-07-08,0.037525028729431975,0.011122351368781036,0.0002858099135687464
2025-07-09,-0.017521233005227566,0.018000034950967914,0.005380619644419049
2025-07-10,0.007117089560528811,0.007490122703794899,0.006014978895116263
2025-07-11,0.011534401098022506,0.004996856190037535,-0.005884824586848469
2025-07-14,-0.04753869604276817,-0.005153967733388165,-0.012028817972970951
2025-07-15,0.012646427177513075,0.04040960724382847,0.002348860273691633
2025-07-16,-0.030638516894507806,0.003925040155780657,0.005021215625020892
2025-07-17,-0.027226696527014926,0.009511619418247186,-0.0006661019354642361
2025-07-18,0.009977042694812255,-0.00341042130780711,0.005523257149813832
2025-07-21,-0.010140754744710878,-0.005974016559504913,0.006155802989930237
2025-07-22,-0.035414611101737936,-0.0253823299028888,0.009036224276703031
2025-07-23,0.005585001732347772,0.02245104655925889,-0.0011660977652936388
2025-07-24,0.01729948208980603,0.017332371507345457,-0.0018211504107996657
2025-07-25,-0.004206492665072004,-0.0013814869492179138,0.0005614314509685414
2025-07-28,-8.990568008160338e-05,0.01873201512024436,0.0007948313685424147
2025-07-29,0.006381953943546348,-0.007015597487604053,-0.012987608774891357
2025-07-30,0.024830279623555773,0.021423315763210438,-0.010507952278425825
2025-07-31,-0.048805998707567855,-0.007809418417027092,-0.007079572477626139
2025-08-01,-0.03903236977528923,-0.02333167602752384,-0.025003553622503172
2025-08-04,0.027555222468402807,0.036150068457843076,0.004792908693340925
2025-08-05,0.011969941415981511,-0.009666585149772255,-0.0021147220316880544
2025-08-06,-0.0025672996513055324,0.006507207693143169,0.050906861490558564
2025-08-07,0.0284059229380198,0.007524337408331361,0.03179364967503995
2025-08-08,0.06275134007052707,0.010676529865774054,0.04235793525056386
2025-08-11,0.0406258367785739,-0.003502989462430328,-0.00833742561094275
2025-08-12,0.03257357116712645,0.006041988268502108,0.010872351709827921
2025-08-13,-0.02724078600680868,-0.008571768446215433,0.016024512985909567
2025-08-14,0.008207983967743582,0.0023679720733609244,-0.0023571690519696986
2025-08-15,-0.03527816295680042,-0.008625370141986166,-0.005112134265439439
2025-08-18,0.022172578922362574,0.008644954100009095,-0.0030225974608621975
2025-08-19,-0.012140837500259072,-0.03499799073918386,-0.0014291944969684334
2025-08-20,-0.03965582378133514,-0.001366455704626346,-0.019734652812962272
2025-08-21,-0.012115073015441014,-0.0023945695563264424,-0.004911305040181113
2025-08-22,0.016322712559889485,0.017201968244454635,0.012716750813831057
2025-08-25,-0.010706997139449892,0.01022530488477491,-0.002634239986928688
2025-08-26,0.0006871043226266416,0.010900419888796531,0.00946463359101557
2025-08-27,0.01072965004960813,-0.0009352225175623952,0.005145918125483151
2025-08-28,0.036093396351066565,-0.007874463590449854,0.00898081290311703
2025-08-29,-0.024508117958612297,-0.03324642068345807,-0.001805954775134011
2025-09-02,-0.004453417301260032,-0.01952003517230927,-0.010424763463665943
2025-09-03,0.002025666569877682,-0.0009368051517751885,0.03808989840304622
2025-09-04,0.046243183463780424,0.0060953462381614365,0.005493355773038333
2025-09-05,0.057644334776802086,-0.027030125467447763,-0.000375433370914946
2025-09-08,0.000685112547390121,0.007723626471741962,-0.0075513878695669945
2025-09-09,0.02875398023869402,0.014556415107065845,-0.014839387013392824
2025-09-10,0.03519663379096527,0.038475159631647715,-0.03225941254847997
2025-09-11,0.0755000607510401,-0.0008460248549849725,0.014286302255316352
2025-09-12,0.0442318840050131,0.0036687807745676704,0.01756295951024689
2025-09-15,0.0034343881871510273,-0.00039368431381092694,0.011235926409398633
2025-09-16,0.006655400610963147,-0.016146210499489166,0.006125890181851723
2025-09-17,0.007366806107422352,-0.02624656254660329,0.003527257082143187
2025-09-18,0.05562840510061662,0.03494044003585173,-0.004644626316983702
2025-09-19,-0.036473459722416,0.0024397172760990404,0.03203292635537114
2025-09-22,0.011614372952058805,0.03928241078649597,0.043095737653501054
2025-09-23,0.010873484669557287,-0.028212047891209013,-0.006443278871197333
2025-09-24,-0.02824334847579102,-0.008182508094013552,-0.008332328960039437
2025-09-25,-0.03017755198190697,0.004068588702951903,0.018073060767529903
2025-09-26,0.002805621494861299,0.0028138668279011902,-0.005489212856193304
2025-09-29,0.04215675861155477,0.02053993896073769,-0.004031963397017835
2025-09-30,0.020866385717901004,0.026010326197546618,0.0007861175643599783
2025-10-01,0.08863242598223287,0.003537466147390589,0.003220363988628794
2025-10-02,0.008784090150132817,0.008812165089625124,0.006576576905767517
2025-10-03,0.022844240382741354,-0.006723594708770708,0.0034612549164674267
2025-10-06,0.016663985926357316,-0.011086219191363433,-0.005154581092728927
2025-10-07,-0.027597385328163693,-0.0026948154076971154,-0.0008181232786116377
2025-10-08,0.05843065606974074,0.021995264931179204,0.006160398261370936
2025-10-09,-0.021420581420777296,0.0182962524780399,-0.015577861438013874
2025-10-10,-0.055789522753769916,-0.04886532988389891,-0.034522106251509976
2025-10-13,0.06150891691443716,0.028172088682583807,0.00974435305541288
2025-10-14,-0.029620878803077177,-0.04402086350832335,0.0004441806313149055
2025-10-15,0.026087874567737535,-0.0011108832013667636,0.006336506208048043
2025-10-16,0.05517349162909824,0.01101039928627312,-0.007579973963228515
2025-10-17,-0.000740571197587303,0.007755344299286593,0.019559419889786378
2025-10-20,0.021691874433735547,-0.0031655547088021985,0.039438767662544505
2025-10-21,-0.021666632071756675,-0.008103394868217983,0.0020211608621845123
2025-10-22,-0.018883790351820195,-0.004857650244628253,-0.016440300357890014
2025-10-23,0.041517616410805536,0.010428245272369407,0.004372173918809619
2025-10-24,0.05955211978860486,0.02250757391428282,0.012481724364091562
2025-10-27,0.004931076163612991,0.02807914078902085,0.022791311850895335
2025-10-28,0.008223447835757902,0.04981991068259184,0.0007067783895675639
2025-10-29,0.021269909136848897,0.0298959843276152,0.0026022429598195895
2025-10-30,-0.011560792591409297,-0.020044438573744494,0.006303249053230431
2025-10-31,-0.0010712942505480827,-0.0019715110218919696,-0.0037950435186790976
2025-11-03,0.04884476194246545,0.021680040134361755,-0.004882341269010326
2025-11-04,-0.07102687523086282,-0.039588157789888334,0.0036797500454424092
2025-11-05,0.08929964237802857,-0.01751466251475131,0.00037036583712879434
2025-11-06,0.0034947547488233255,-0.036524729969592995,-0.0013697782796735503
2025-11-07,-0.0017202716418061037,0.0003720458402716176,-0.004818894404181151
2025-11-10,0.06464353286057056,0.05793262806792199,0.00454869456011342
2025-11-11,-0.04812468561652572,-0.029590603550341266,0.02160114657791201
2025-11-12,0.01571885723147104,0.0033132668539086474,-0.006466862149501096
2025-11-13,-0.032462166057412256,-0.035810076045957095,-0.0019014031834500011
2025-11-14,0.04169650074321973,0.01771372748265021,-0.00197850671637112
2025-11-17,-0.019770560730950182,-0.01877255795624766,-0.018171161859606544
2025-11-18,-0.05559006879704953,-0.02808152100624206,-7.464669137968727e-05
2025-11-19,-0.011290985192718206,0.028451698075282472,0.0041877290655560895
2025-11-20,-0.10866687962789245,-0.031524784480993384,-0.008601349703672212
2025-11-21,0.02979591988432717,-0.009743183463424732,0.019680647235321702
2025-11-24,0.07985729310162326,0.020516570258006794,0.016317468883471742
2025-11-25,0.0026793969225440417,-0.02591067541754899,0.003805495657415614
2025-11-26,0.02551995460265144,0.013721642507320553,0.002093957526739132
2025-11-28,0.027012971713444855,-0.018084887277757256,0.0046839067924580036
2025-12-01,0.016830280398749453,0.016497230579703537,0.01524119743713337
2025-12-02,-0.004034010976544544,0.008559369400260808,0.010914832876105063
2025-12-03,-0.0222555926611423,-0.010305367131387855,-0.007128157809805358
2025-12-04,-0.03207212564104134,0.02116044945059037,-0.012141479874668626
2025-12-05,0.046635810146072876,-0.005289522900729926,-0.006840055245008081
2025-12-08,0.04089031294181078,0.017214022376646154,-0.003192433705098474
2025-12-09,0.02227443497401027,-0.003125876875773148,-0.002555062909471051
2025-12-10,0.04472689567838972,-0.006433489130266867,0.005772469911612843
2025-12-11,-0.019908131819047492,-0.015507749510496383,-0.002690246960942222
2025-12-12,-0.06701228622206445,-0.03266449001911087,0.0008992046267306542
2025-12-15,-0.015095033490187593,0.007256197507397255,-0.01498499906996098
2025-12-16,-0.02101052317202723,0.008111694452662688,0.0018241281266524467
2025-12-17,-0.03006316017385402,-0.038149918132835525,-0.010087028861802017
2025-12-18,0.10211953266442886,0.018720044443348183,0.001287574790797219
2025-12-19,0.06988540258728304,0.039336279676618124,0.005437411303821804
2025-12-22,0.04012474451910775,0.014917895904012823,-0.009865948891234266
2025-12-23,-0.0011568904727888851,0.03005070925675346,0.005129713035979311
2025-12-24,0.03768046971412664,-0.0031711845381520165,0.005323781322749355
2025-12-26,-0.006592716907749319,0.010179749413702144,-0.0014973926274014504
2025-12-29,0.034056432567664885,-0.012124095818556335,0.001316908213532919
2025-12-30,-0.005910968475007716,-0.003612778049374543,-0.0024840480713893553
2025-12-31,-0.024672770068323358,-0.005545531645618107,-0.00446757506501283
2026-01-02,0.10514702657016461,0.01260061991022976,-0.003126592761770741
2026-01-05,-0.010367139430425887,-0.0038655016095672234,-0.013837114156417418
2026-01-06,0.10020812578795502,-0.004677830570294028,-0.018334270451824564
2026-01-07,-0.0112977100322591,0.009987097761727126,-0.007737497507594893
2026-01-08,-0.03690182510922668,-0.0215218992092282,-0.004955093401707855
2026-01-09,0.055256645318929376,-0.0009727536507572188,0.0012738888084979916
2026-01-12,0.002260246342429717,0.00043280183361860125,0.0033929113461488303
2026-01-13,-0.022378364834999553,0.004704239730442428,0.003073874731586601
2026-01-14,-0.014136557514669246,-0.01436952051443785,-0.004175458991876879
2026-01-15,0.009839472519194148,0.021349736670481345,-0.0067318453757286845
2026-01-16,0.07759268471178937,-0.004383850305160086,-0.010379044807463988
2026-01-20,0.006202643248937267,-0.04381668070971212,-0.034555644302943334
2026-01-21,0.0660546820753154,0.029482797376065628,0.0038508468560267684
2026-01-22,0.021767565389802623,0.008291397296120495,0.002826561879143208
2026-01-23,0.005206588078870311,0.015310543910665775,-0.0012482700788880585
2026-01-26,-0.02642315199646339,-0.006394170442939551,0.0297129735567756
2026-01-27,0.05435763330685206,0.010993714284356582,0.011197539980376536
2026-01-28,0.0610375128963212,0.015913391112786668,-0.007085403423770176
2026-01-29,0.0011716529847547452,0.005169204870006716,0.007175070687510443
2026-01-30,-0.047981904985055834,-0.007168418675203347,0.0046461584937966816
2026-02-02,0.05524491114256436,-0.0288809434723426,0.04058126002356821
2026-02-03,-0.04193693212692984,-0.028392869459833214,-0.0019629088916998105
2026-02-04,-0.09546060569616632,-0.03410213375324578,0.02601286642781786
2026-02-05,0.00919875722009289,-0.013261403233346236,-0.002097593092373451
2026-02-06,0.030818201559682956,0.07871771529462501,0.008009748840153375
2026-02-09,-0.028351396584640143,0.02497159743538102,-0.01166048390953256
2026-02-10,-0.02672748418923032,-0.00789305562399889,-0.003422959769044165
2026-02-11,0.09937040030629185,0.008009007297158366,0.006650117732854843
2026-02-12,0.008846351787739959,-0.01636413987360874,-0.04998173910671744
2026-02-13,-0.005580139480252044,-0.022092733992482794,-0.022733450234726726
2026-02-17,-0.028858801485320273,0.011815603840902744,0.03166790148756515
2026-02-18,0.05295423111716979,0.016272821632539847,0.0017811375828364895
2026-02-19,-0.008552147002512278,-0.00042553713701432017,-0.014261551090285374
2026-02-20,0.025925454423070704,0.010218296081220712,0.015350449692731916
2026-02-23,-0.01681566107977439,0.00911380301958431,0.006047257970275721
2026-02-24,-0.00703140544040648,0.006786818574511244,0.02239103564464129
2026-02-25,0.026291181668863572,0.01405227603538961,0.007679860855135612
2026-02-26,-0.03132865100081084,-0.05456124072866242,-0.0046676776162442035
2026-02-27,-0.007676391491998169,-0.041646346652961186,-0.03213044438249635
2026-03-02,0.0007275196969014353,0.029854947906472917,0.0020440108677830526
2026-03-03,-0.07994279377864555,-0.013316571281988043,-0.003664168116717992
2026-03-04,0.05554663751270872,0.016606504566419655,-0.0046635601744375865
2026-03-05,-0.009282053794403056,0.001638915171032762,-0.008494547048829904
2026-03-06,-0.06737185392589196,-0.030107830089031284,-0.010872595974432131
2026-03-09,0.051363771673690994,0.027162187518686487,0.009399570490431275
2026-03-10,0.03542069283571969,0.011606893122936723,0.0036555398041986376
2026-03-11,0.03864953239135671,0.006873796699032875,-7.670678451010549e-05
2026-03-12,-0.03186132725154833,-0.015535083686109119,-0.01936274610273281
2026-03-13,0.05126445878379848,-0.015780314308353027,-0.022051876328148534
2026-03-16,0.03677274039568412,0.01647717218041489,0.010794859745288043
2026-03-17,0.045020326088263785,-0.007040797336696936,0.005577047742174601
2026-03-18,8.670646963215844e-05,-0.008409798772097021,-0.0168744447950816
2026-03-19,-0.03781436636689073,-0.010199568445272478,-0.003920930967820424
2026-03-20,-0.048101348995923554,-0.03281811115811839,-0.0038962445152317393
2026-03-23,-0.04386381795683025,0.0170237820072745,0.014113480475494988
2026-03-24,-0.021812713050911703,-0.00250518750288653,0.0005964238375686381
2026-03-25,-0.03397977641669958,0.019863034004328428,0.0038944425565474727
2026-03-26,-0.06969559925911495,-0.04163858095780393,0.0010688333127271132
2026-03-27,0.004951365136699248,-0.021723974181843797,-0.016173068672430957
2026-03-30,-0.09877626270539619,-0.014028147487508913,-0.008721851736991582
2026-03-31,0.049844732868448816,0.05588180888236938,0.029031290418426225
2026-04-01,0.08882898791802685,0.007740860269023653,0.007250134515282669
2026-04-02,-0.0043768365948644306,0.009331356375359201,0.0011344553655323608
2026-04-06,0.031454843385832154,0.0014093304479019242,0.011487876222620041
2026-04-07,-0.00047654691102583246,0.00258955293576979,-0.0207060792616357
2026-04-08,0.07720224292393008,0.0223470271240227,0.021301735790709264
2026-04-09,0.03633863610252064,0.010050504643715596,0.006141348347641795
2026-04-10,-0.0021826345649025303,0.025664741901011867,-3.834482173115106e-05
2026-04-13,0.014194354711477786,0.003604892099032586,-0.004913954203973225
2026-04-14,0.0916635546438882,0.038032865411783634,-0.00142758690909639
2026-04-15,-0.020250844219419917,0.012009574075831697,0.02936295529114541
2026-04-16,0.0021918794689073096,-0.002614769796708716,-0.011372633634406881
2026-04-17,-0.004724099643736657,0.016788441530004805,0.02593021154924191
2026-04-20,-0.014613156858127696,0.00188419663120043,0.010435475371396441
2026-04-21,0.0021408880346118764,-0.010788787118989118,-0.025196703995697067
2026-04-22,0.08478348871359276,0.013107830909409257,0.026298995241013978
2026-04-23,-0.011815890376787985,-0.014123474389033275,0.0009516944880663125
2026-04-24,0.03113839352186787,0.043227788976992976,-0.008667702544387201
2026-04-27,0.056047621429446526,0.04004417714781017,-0.012727861582674027
2026-04-28,-0.038641840301759434,-0.01588104908680843,0.011584102768505522
2026-04-29,0.028098961665373734,-0.018389075111261644,-0.001994705758897597
2026-04-30,-0.002507552268930402,-0.04626045560032954,0.004367659937802859
2026-05-01,0.04843773128076223,-0.005612075634383262,0.03239351812191993
2026-05-04,0.06314897328962199,0.0001511106711307164,-0.011815603186417278
2026-05-05,0.11059063729567753,-0.009975799776516081,0.026550690927708454
2026-05-06,0.04122156213003314,0.057659075388685865,0.011717924952267644
2026-05-07,-0.029943500444882698,0.01765865404299216,-0.00024350711440246364
2026-05-08,0.15492623874974187,0.017494095947569566,0.020456497888878378
2026-05-11,0.06496971967866538,0.01970259096216065,-0.0012626705737772692
2026-05-12,-0.03614847333379745,0.006106452319395217,0.007243389265544797
2026-05-13,0.048331480023915185,0.022873482047085725,0.013805995565634221
2026-05-14,-0.03436901356048305,0.04388258597883499,-0.00220833028705536
2026-05-15,-0.06617190283375973,-0.044201227206322136,0.0067738157309671365
2026-05-18,-0.05950373359353034,-0.013314388358780183,-0.007960612067346995
2026-05-19,0.02523701179993898,-0.0076916771060926425,0.003793999787491842
2026-05-20,0.0475856330673865,0.012964070657941695,0.0109709963070026
2026-05-21,0.04113440991136752,-0.017720537361840427,0.009065310949131433
2026-05-22,-0.014564983323889447,-0.01904237298751632,0.012557845216167651
2026-05-26,0.19291611813281406,-0.0021826918622399605,-0.001586751960143129
2026-05-27,0.03631062778616889,-0.010518481304186644,0.008173125031610828
2026-05-28,-0.005267040706225856,0.007761016341909066,0.005340207912225559
2026-05-29,0.05141200869213147,-0.014515703746992403,-0.001439992937726231
2026-06-01,0.06642639467917921,0.0626124588791841,-0.018425943872925732
2026-06-02,0.02761936786742747,-0.006863972045151545,0.029022933365852488
2026-06-03,0.014538136980731142,-0.03621758578863232,-0.015672595971098935
2026-06-04,-0.0774103794672013,0.01939395646671027,0.0031264139436979477
2026-06-05,-0.1325201007234943,-0.062014073591381336,-0.012498841728371679
2026-06-08,0.09869099828787586,0.017259839984335112,-0.01887156849768501
2026-06-09,-0.014105425561386276,-0.0021568105327770537,-0.03644631040831148
2026-06-10,-0.047024759341434574,-0.03732169739825886,0.003544996808021894
2026-06-11,0.11659639097445873,0.022203357892913722,0.013889904990249002
2026-06-12,-0.014319143425898018,0.0015620019126554308,-0.015221729613622226
2026-06-15,0.10837292388632624,0.03538181402824003,0.018170605764429082
2026-06-16,-0.061792798315603914,-0.023723197733726997,0.009513449426140408
2026-06-17,0.021973787134693223,-0.013307023368657078,-0.010994446379867018
2026-06-18,0.0870406898099807,0.029513846689763312,0.006960626705947437
2026-06-22,0.06824582156080128,-0.009682512322762848,-0.0033555919842641613
2026-06-23,-0.1317588143395868,-0.04126528091164572,-0.00912434558954689
2026-06-24,-0.00309955860716038,-0.00519892681982459,-0.004145434153267291
2026-06-25,0.15741389249951654,-0.016381881943899,-0.06117781321571136
2026-06-26,-0.0669353130874335,-0.016399339040476968,0.03136472859984596
2026-06-29,0.0114365859262604,0.012673362368860186,-0.007188697419469814
2026-06-30,0.007867117678217905,0.026260425117358377,0.02704619642688466
2026-07-01,-0.10570131228654323,-0.012544327816355949,0.017348699838890536
2026-07-02,-0.05494641246541454,-0.013918412665829716,0.0484068203126522
2026-07-06,0.009575488371682761,0.0036955356666652506,0.01305770247720095
2026-07-07,-0.04708808846629864,0.007056965494693257,-0.006396724801939757
2026-07-08,0.01110422521359844,0.03651044893523969,0.008787777487112347
2026-07-09,0.04515179954325288,-0.006564748040099211,0.009030238488741738
2026-07-10,-0.012444059006476937,0.04033932332484791,-0.0028461004775477416
2026-07-13,-0.04319410632108711,-0.03521998340020871,0.0063110179758711915
2026-07-14,0.04922091261172645,0.040632851776453593,-0.0077211944971221635
2026-07-15,-0.08019363476674579,0.0033049902651376417,0.040144874663333496
2026-07-16,-0.05648694589613035,-0.024000028722426348,0.017587816078244334
2026-07-17,-0.004981246998586264,-0.022131130535045118,0.0014402582208634662
